date,water_level_varanasi,discharge_cumec,rain_varanasi_mm,rain_upstream_avg_mm,temperature_c,humidity_pct,basin_area_pct,flood_label,mean_elevation_m,mean_slope,basin_relief_m,flow_accumulation,twi,network_density
01-01-2018,67.71,12600.26,94.05,95.64,25.08,81.5,100,1,38.8171313424085,191.5687391718824,89.96976470947266,2800000.0,9.7,0.0011352992938905
02-01-2018,68.29,12790.3,101.18,96.61,34.54,77.06,100,1,38.8171313424085,191.5687391718824,89.96976470947266,2800000.0,9.7,0.0011352992938905
03-01-2018,66.73,8020.21,0.12,0.45,24.88,79.59,100,0,38.8171313424085,191.5687391718824,89.96976470947266,2800000.0,9.7,0.0011352992938905
04-01-2018,68.14,15072.28,106.72,135.51,35.94,90.41,100,1,38.8171313424085,191.5687391718824,89.96976470947266,2800000.0,9.7,0.0011352992938905
05-01-2018,67.64,9443.9,30.94,32.82,26.64,84.21,100,0,38.8171313424085,191.5687391718824,89.96976470947266,2800000.0,9.7,0.0011352992938905
06-01-2018,69.04,14273.12,103.17,131.96,33.45,80.65,100,1,38.8171313424085,191.5687391718824,89.96976470947266,2800000.0,9.7,0.0011352992938905
07-01-2018,67.91,10823.5,33.33,46.64,29.54,85.2,100,0,38.8171313424085,191.5687391718824,89.96976470947266,2800000.0,9.7,0.0011352992938905
08-01-2018,66.91,9890.42,43.54,40.74,32.78,81.28,100,0,38.8171313424085,191.5687391718824,89.96976470947266,2800000.0,9.7,0.0011352992938905
09-01-2018,66.68,10359.78,15.22,40.12,27.76,73.65,100,0,38.8171313424085,191.5687391718824,89.96976470947266,2800000.0,9.7,0.0011352992938905
10-01-2018,67.05,9094.57,16.76,18.67,27.94,65.75,100,0,38.8171313424085,191.5687391718824,89.96976470947266,2800000.0,9.7,0.0011352992938905
11-01-2018,67.32,13560.17,95.09,108.7,32.35,65.09,100,1,38.8171313424085,191.5687391718824,89.96976470947266,2800000.0,9.7,0.0011352992938905
12-01-2018,68.61,12284.89,67.0,87.21,30.13,87.76,100,1,38.8171313424085,191.5687391718824,89.96976470947266,2800000.0,9.7,0.0011352992938905
13-01-2018,68.02,11801.62,89.66,81.48,31.17,60.62,100,1,38.8171313424085,191.5687391718824,89.96976470947266,2800000.0,9.7,0.0011352992938905
14-01-2018,67.6,12015.06,80.06,70.7,31.27,64.93,100,1,38.8171313424085,191.5687391718824,89.96976470947266,2800000.0,9.7,0.0011352992938905
15-01-2018,68.23,12826.02,100.96,97.26,32.83,73.12,100,1,38.8171313424085,191.5687391718824,89.96976470947266,2800000.0,9.7,0.0011352992938905
16-01-2018,68.14,12554.31,91.4,96.27,34.23,93.74,100,1,38.8171313424085,191.5687391718824,89.96976470947266,2800000.0,9.7,0.0011352992938905
17-01-2018,66.83,11616.0,47.12,76.17,28.76,92.95,100,1,38.8171313424085,191.5687391718824,89.96976470947266,2800000.0,9.7,0.0011352992938905
18-01-2018,67.77,11649.32,71.92,68.18,31.19,83.97,100,1,38.8171313424085,191.5687391718824,89.96976470947266,2800000.0,9.7,0.0011352992938905
19-01-2018,66.6,10602.06,36.58,51.67,29.68,78.79,100,0,38.8171313424085,191.5687391718824,89.96976470947266,2800000.0,9.7,0.0011352992938905
20-01-2018,66.84,10072.88,11.59,36.37,25.36,78.49,100,0,38.8171313424085,191.5687391718824,89.96976470947266,2800000.0,9.7,0.0011352992938905
21-01-2018,68.98,12601.21,103.96,100.67,29.08,92.67,100,1,38.8171313424085,191.5687391718824,89.96976470947266,2800000.0,9.7,0.0011352992938905
22-01-2018,66.69,11567.66,69.9,69.17,31.73,77.41,100,1,38.8171313424085,191.5687391718824,89.96976470947266,2800000.0,9.7,0.0011352992938905
23-01-2018,67.98,11912.92,66.42,81.2,32.3,90.47,100,1,38.8171313424085,191.5687391718824,89.96976470947266,2800000.0,9.7,0.0011352992938905
24-01-2018,67.81,13307.84,81.31,99.75,31.32,75.94,100,1,38.8171313424085,191.5687391718824,89.96976470947266,2800000.0,9.7,0.0011352992938905
25-01-2018,67.71,12543.87,99.56,92.11,28.32,88.0,100,1,38.8171313424085,191.5687391718824,89.96976470947266,2800000.0,9.7,0.0011352992938905
26-01-2018,66.23,9994.0,37.41,47.67,25.39,87.56,100,0,38.8171313424085,191.5687391718824,89.96976470947266,2800000.0,9.7,0.0011352992938905
27-01-2018,67.97,10518.06,22.84,50.07,29.17,62.73,100,0,38.8171313424085,191.5687391718824,89.96976470947266,2800000.0,9.7,0.0011352992938905
28-01-2018,66.78,10960.03,50.99,50.26,31.94,67.03,100,1,38.8171313424085,191.5687391718824,89.96976470947266,2800000.0,9.7,0.0011352992938905
29-01-2018,67.57,13569.9,112.91,111.36,24.48,77.1,100,1,38.8171313424085,191.5687391718824,89.96976470947266,2800000.0,9.7,0.0011352992938905
30-01-2018,66.1,8433.33,6.62,17.35,31.85,87.32,100,0,38.8171313424085,191.5687391718824,89.96976470947266,2800000.0,9.7,0.0011352992938905
31-01-2018,68.55,12105.86,77.83,83.73,31.26,70.55,100,1,38.8171313424085,191.5687391718824,89.96976470947266,2800000.0,9.7,0.0011352992938905
01-02-2018,67.17,12512.06,94.96,93.47,26.25,64.46,100,1,38.8171313424085,191.5687391718824,89.96976470947266,2800000.0,9.7,0.0011352992938905
02-02-2018,67.56,14093.2,97.98,119.4,28.64,60.74,100,1,38.8171313424085,191.5687391718824,89.96976470947266,2800000.0,9.7,0.0011352992938905
03-02-2018,67.68,9425.64,23.46,37.93,34.22,88.85,100,0,38.8171313424085,191.5687391718824,89.96976470947266,2800000.0,9.7,0.0011352992938905
04-02-2018,68.64,13578.43,83.21,109.49,25.47,70.09,100,1,38.8171313424085,191.5687391718824,89.96976470947266,2800000.0,9.7,0.0011352992938905
05-02-2018,66.77,9222.58,15.67,19.83,28.63,62.83,100,0,38.8171313424085,191.5687391718824,89.96976470947266,2800000.0,9.7,0.0011352992938905
06-02-2018,68.59,13643.01,110.53,117.73,28.85,90.13,100,1,38.8171313424085,191.5687391718824,89.96976470947266,2800000.0,9.7,0.0011352992938905
07-02-2018,66.77,8965.03,25.54,27.48,35.27,87.95,100,0,38.8171313424085,191.5687391718824,89.96976470947266,2800000.0,9.7,0.0011352992938905
08-02-2018,69.03,14403.25,106.49,127.56,25.97,82.34,100,1,38.8171313424085,191.5687391718824,89.96976470947266,2800000.0,9.7,0.0011352992938905
09-02-2018,66.85,11415.85,30.76,58.35,30.49,78.43,100,0,38.8171313424085,191.5687391718824,89.96976470947266,2800000.0,9.7,0.0011352992938905
10-02-2018,67.77,13070.18,74.01,97.8,24.71,67.09,100,1,38.8171313424085,191.5687391718824,89.96976470947266,2800000.0,9.7,0.0011352992938905
11-02-2018,67.87,13107.63,108.68,106.89,25.42,85.07,100,1,38.8171313424085,191.5687391718824,89.96976470947266,2800000.0,9.7,0.0011352992938905
12-02-2018,66.28,9924.98,44.79,42.61,28.97,75.16,100,0,38.8171313424085,191.5687391718824,89.96976470947266,2800000.0,9.7,0.0011352992938905
13-02-2018,67.13,11882.61,84.56,85.82,35.33,94.75,100,1,38.8171313424085,191.5687391718824,89.96976470947266,2800000.0,9.7,0.0011352992938905
14-02-2018,68.59,14560.75,100.72,125.46,33.81,83.37,100,1,38.8171313424085,191.5687391718824,89.96976470947266,2800000.0,9.7,0.0011352992938905
15-02-2018,68.94,14109.57,90.71,117.07,24.58,81.94,100,1,38.8171313424085,191.5687391718824,89.96976470947266,2800000.0,9.7,0.0011352992938905
16-02-2018,68.5,12106.53,68.27,91.75,33.57,77.47,100,1,38.8171313424085,191.5687391718824,89.96976470947266,2800000.0,9.7,0.0011352992938905
17-02-2018,65.79,8134.29,16.15,6.47,32.74,66.24,100,0,38.8171313424085,191.5687391718824,89.96976470947266,2800000.0,9.7,0.0011352992938905
18-02-2018,67.53,11912.72,89.29,81.69,29.99,80.37,100,1,38.8171313424085,191.5687391718824,89.96976470947266,2800000.0,9.7,0.0011352992938905
19-02-2018,66.52,10922.31,53.33,53.01,25.41,94.21,100,1,38.8171313424085,191.5687391718824,89.96976470947266,2800000.0,9.7,0.0011352992938905
20-02-2018,68.96,13296.21,95.47,106.46,32.49,63.64,100,1,38.8171313424085,191.5687391718824,89.96976470947266,2800000.0,9.7,0.0011352992938905
21-02-2018,67.94,11060.62,61.95,69.14,34.31,62.44,100,1,38.8171313424085,191.5687391718824,89.96976470947266,2800000.0,9.7,0.0011352992938905
22-02-2018,68.08,12356.24,72.67,87.1,33.77,60.86,100,1,38.8171313424085,191.5687391718824,89.96976470947266,2800000.0,9.7,0.0011352992938905
23-02-2018,67.6,11286.48,30.28,57.73,31.3,80.32,100,0,38.8171313424085,191.5687391718824,89.96976470947266,2800000.0,9.7,0.0011352992938905
24-02-2018,66.96,11732.63,49.9,70.12,35.19,63.09,100,1,38.8171313424085,191.5687391718824,89.96976470947266,2800000.0,9.7,0.0011352992938905
25-02-2018,66.91,10779.37,68.65,63.57,32.87,85.89,100,1,38.8171313424085,191.5687391718824,89.96976470947266,2800000.0,9.7,0.0011352992938905
26-02-2018,68.53,14672.89,109.47,131.69,24.21,93.2,100,1,38.8171313424085,191.5687391718824,89.96976470947266,2800000.0,9.7,0.0011352992938905
27-02-2018,66.98,10765.18,27.9,45.82,34.86,85.18,100,0,38.8171313424085,191.5687391718824,89.96976470947266,2800000.0,9.7,0.0011352992938905
28-02-2018,67.19,10843.56,63.2,63.03,33.76,73.24,100,1,38.8171313424085,191.5687391718824,89.96976470947266,2800000.0,9.7,0.0011352992938905
01-03-2018,67.18,10624.66,15.98,43.68,24.46,71.01,100,0,38.8171313424085,191.5687391718824,89.96976470947266,2800000.0,9.7,0.0011352992938905
02-03-2018,69.48,14207.38,110.93,132.78,34.88,94.75,100,1,38.8171313424085,191.5687391718824,89.96976470947266,2800000.0,9.7,0.0011352992938905
03-03-2018,66.55,9982.75,47.43,45.34,33.49,60.3,100,0,38.8171313424085,191.5687391718824,89.96976470947266,2800000.0,9.7,0.0011352992938905
04-03-2018,66.33,8486.89,5.79,14.51,32.49,75.82,100,0,38.8171313424085,191.5687391718824,89.96976470947266,2800000.0,9.7,0.0011352992938905
05-03-2018,67.74,11339.36,48.78,66.3,24.89,70.04,100,1,38.8171313424085,191.5687391718824,89.96976470947266,2800000.0,9.7,0.0011352992938905
06-03-2018,67.66,13491.61,106.33,117.48,33.13,88.84,100,1,38.8171313424085,191.5687391718824,89.96976470947266,2800000.0,9.7,0.0011352992938905
07-03-2018,69.13,13861.8,96.78,112.18,31.95,60.56,100,1,38.8171313424085,191.5687391718824,89.96976470947266,2800000.0,9.7,0.0011352992938905
08-03-2018,67.77,13273.93,74.59,100.46,29.9,86.98,100,1,38.8171313424085,191.5687391718824,89.96976470947266,2800000.0,9.7,0.0011352992938905
09-03-2018,69.63,15445.63,116.33,143.51,34.25,85.95,100,1,38.8171313424085,191.5687391718824,89.96976470947266,2800000.0,9.7,0.0011352992938905
10-03-2018,67.38,12837.08,83.95,87.39,27.55,90.62,100,1,38.8171313424085,191.5687391718824,89.96976470947266,2800000.0,9.7,0.0011352992938905
11-03-2018,68.52,12231.55,56.12,84.05,29.79,81.32,100,1,38.8171313424085,191.5687391718824,89.96976470947266,2800000.0,9.7,0.0011352992938905
12-03-2018,66.85,11388.34,38.51,58.29,24.98,71.11,100,0,38.8171313424085,191.5687391718824,89.96976470947266,2800000.0,9.7,0.0011352992938905
13-03-2018,67.1,11769.47,70.13,77.71,25.75,88.03,100,1,38.8171313424085,191.5687391718824,89.96976470947266,2800000.0,9.7,0.0011352992938905
14-03-2018,67.01,12639.84,96.5,90.42,27.24,74.0,100,1,38.8171313424085,191.5687391718824,89.96976470947266,2800000.0,9.7,0.0011352992938905
15-03-2018,66.84,10638.0,56.6,51.09,24.6,75.01,100,1,38.8171313424085,191.5687391718824,89.96976470947266,2800000.0,9.7,0.0011352992938905
16-03-2018,68.06,13069.24,98.66,99.25,25.34,74.93,100,1,38.8171313424085,191.5687391718824,89.96976470947266,2800000.0,9.7,0.0011352992938905
17-03-2018,66.18,8881.6,28.92,24.78,35.59,79.03,100,0,38.8171313424085,191.5687391718824,89.96976470947266,2800000.0,9.7,0.0011352992938905
18-03-2018,67.27,12712.97,65.05,86.53,33.64,86.58,100,1,38.8171313424085,191.5687391718824,89.96976470947266,2800000.0,9.7,0.0011352992938905
19-03-2018,67.72,9696.82,43.59,43.8,30.5,89.01,100,0,38.8171313424085,191.5687391718824,89.96976470947266,2800000.0,9.7,0.0011352992938905
20-03-2018,65.97,8556.01,16.05,18.7,30.42,65.65,100,0,38.8171313424085,191.5687391718824,89.96976470947266,2800000.0,9.7,0.0011352992938905
21-03-2018,67.55,14021.6,118.11,110.67,27.54,61.94,100,1,38.8171313424085,191.5687391718824,89.96976470947266,2800000.0,9.7,0.0011352992938905
22-03-2018,65.81,8285.65,15.09,14.77,34.05,87.88,100,0,38.8171313424085,191.5687391718824,89.96976470947266,2800000.0,9.7,0.0011352992938905
23-03-2018,68.38,12293.06,49.48,77.13,33.37,93.18,100,1,38.8171313424085,191.5687391718824,89.96976470947266,2800000.0,9.7,0.0011352992938905
24-03-2018,68.79,12915.94,84.41,95.23,35.54,72.11,100,1,38.8171313424085,191.5687391718824,89.96976470947266,2800000.0,9.7,0.0011352992938905
25-03-2018,66.7,11745.93,68.97,83.64,30.59,68.81,100,1,38.8171313424085,191.5687391718824,89.96976470947266,2800000.0,9.7,0.0011352992938905
26-03-2018,68.83,12596.22,93.38,98.98,28.53,63.83,100,1,38.8171313424085,191.5687391718824,89.96976470947266,2800000.0,9.7,0.0011352992938905
27-03-2018,67.35,9432.05,5.51,33.38,34.78,75.74,100,0,38.8171313424085,191.5687391718824,89.96976470947266,2800000.0,9.7,0.0011352992938905
28-03-2018,67.5,11357.89,73.32,67.36,32.08,92.26,100,1,38.8171313424085,191.5687391718824,89.96976470947266,2800000.0,9.7,0.0011352992938905
29-03-2018,66.82,10581.14,59.83,50.63,35.53,75.03,100,1,38.8171313424085,191.5687391718824,89.96976470947266,2800000.0,9.7,0.0011352992938905
30-03-2018,69.15,13496.93,88.95,116.13,29.01,81.36,100,1,38.8171313424085,191.5687391718824,89.96976470947266,2800000.0,9.7,0.0011352992938905
31-03-2018,67.7,9568.66,34.48,38.26,28.27,73.13,100,0,38.8171313424085,191.5687391718824,89.96976470947266,2800000.0,9.7,0.0011352992938905
01-04-2018,66.29,8927.28,21.33,27.24,30.98,86.17,100,0,38.8171313424085,191.5687391718824,89.96976470947266,2800000.0,9.7,0.0011352992938905
02-04-2018,68.4,12120.41,63.65,76.13,34.92,88.73,100,1,38.8171313424085,191.5687391718824,89.96976470947266,2800000.0,9.7,0.0011352992938905
03-04-2018,67.75,12500.01,63.67,84.69,33.46,73.2,100,1,38.8171313424085,191.5687391718824,89.96976470947266,2800000.0,9.7,0.0011352992938905
04-04-2018,67.33,11932.81,69.6,83.85,32.26,60.97,100,1,38.8171313424085,191.5687391718824,89.96976470947266,2800000.0,9.7,0.0011352992938905
05-04-2018,67.63,10151.4,53.4,48.15,29.05,92.01,100,1,38.8171313424085,191.5687391718824,89.96976470947266,2800000.0,9.7,0.0011352992938905
06-04-2018,68.21,11897.23,55.22,71.79,26.81,88.81,100,1,38.8171313424085,191.5687391718824,89.96976470947266,2800000.0,9.7,0.0011352992938905
07-04-2018,66.94,10033.72,32.1,37.86,32.59,89.82,100,0,38.8171313424085,191.5687391718824,89.96976470947266,2800000.0,9.7,0.0011352992938905
08-04-2018,67.4,11571.64,55.25,73.77,28.49,62.58,100,1,38.8171313424085,191.5687391718824,89.96976470947266,2800000.0,9.7,0.0011352992938905
09-04-2018,67.67,14064.16,116.98,130.19,32.34,85.2,100,1,38.8171313424085,191.5687391718824,89.96976470947266,2800000.0,9.7,0.0011352992938905
10-04-2018,67.3,9500.38,6.31,30.41,25.58,66.03,100,0,38.8171313424085,191.5687391718824,89.96976470947266,2800000.0,9.7,0.0011352992938905
11-04-2018,67.28,11555.52,71.96,68.98,34.41,81.72,100,1,38.8171313424085,191.5687391718824,89.96976470947266,2800000.0,9.7,0.0011352992938905
12-04-2018,66.93,10917.5,64.71,62.41,35.45,88.52,100,1,38.8171313424085,191.5687391718824,89.96976470947266,2800000.0,9.7,0.0011352992938905
13-04-2018,67.94,14380.81,116.67,119.26,33.03,85.53,100,1,38.8171313424085,191.5687391718824,89.96976470947266,2800000.0,9.7,0.0011352992938905
14-04-2018,66.37,10333.03,30.67,52.2,33.89,61.13,100,0,38.8171313424085,191.5687391718824,89.96976470947266,2800000.0,9.7,0.0011352992938905
15-04-2018,68.49,12484.12,60.69,79.94,27.62,87.33,100,1,38.8171313424085,191.5687391718824,89.96976470947266,2800000.0,9.7,0.0011352992938905
16-04-2018,67.0,11763.64,67.59,81.4,31.51,70.84,100,1,38.8171313424085,191.5687391718824,89.96976470947266,2800000.0,9.7,0.0011352992938905
17-04-2018,69.37,15314.31,109.39,137.06,33.73,76.24,100,1,38.8171313424085,191.5687391718824,89.96976470947266,2800000.0,9.7,0.0011352992938905
18-04-2018,67.5,12918.33,102.06,94.77,29.33,78.66,100,1,38.8171313424085,191.5687391718824,89.96976470947266,2800000.0,9.7,0.0011352992938905
19-04-2018,68.17,10941.68,60.25,67.91,30.3,87.07,100,1,38.8171313424085,191.5687391718824,89.96976470947266,2800000.0,9.7,0.0011352992938905
20-04-2018,65.86,9732.63,31.87,27.58,28.81,82.05,100,0,38.8171313424085,191.5687391718824,89.96976470947266,2800000.0,9.7,0.0011352992938905
21-04-2018,68.22,14140.92,107.19,115.92,30.58,85.82,100,1,38.8171313424085,191.5687391718824,89.96976470947266,2800000.0,9.7,0.0011352992938905
22-04-2018,68.06,11025.26,52.54,63.43,33.03,94.86,100,1,38.8171313424085,191.5687391718824,89.96976470947266,2800000.0,9.7,0.0011352992938905
23-04-2018,68.13,14050.51,109.04,128.25,27.76,88.25,100,1,38.8171313424085,191.5687391718824,89.96976470947266,2800000.0,9.7,0.0011352992938905
24-04-2018,67.03,10544.04,29.96,49.93,32.5,67.88,100,0,38.8171313424085,191.5687391718824,89.96976470947266,2800000.0,9.7,0.0011352992938905
25-04-2018,66.23,10984.72,35.19,51.04,26.75,78.43,100,0,38.8171313424085,191.5687391718824,89.96976470947266,2800000.0,9.7,0.0011352992938905
26-04-2018,67.12,12601.03,95.58,98.97,24.65,76.15,100,1,38.8171313424085,191.5687391718824,89.96976470947266,2800000.0,9.7,0.0011352992938905
27-04-2018,68.04,10562.62,42.49,55.34,28.23,60.2,100,0,38.8171313424085,191.5687391718824,89.96976470947266,2800000.0,9.7,0.0011352992938905
28-04-2018,66.06,8490.84,5.99,2.84,24.94,68.57,100,0,38.8171313424085,191.5687391718824,89.96976470947266,2800000.0,9.7,0.0011352992938905
29-04-2018,66.72,10092.95,33.2,38.49,27.66,92.26,100,0,38.8171313424085,191.5687391718824,89.96976470947266,2800000.0,9.7,0.0011352992938905
30-04-2018,68.12,12277.49,81.05,84.98,29.66,80.98,100,1,38.8171313424085,191.5687391718824,89.96976470947266,2800000.0,9.7,0.0011352992938905
01-05-2018,67.48,12916.56,94.48,107.89,31.6,71.44,100,1,38.8171313424085,191.5687391718824,89.96976470947266,2800000.0,9.7,0.0011352992938905
02-05-2018,67.48,12779.14,76.36,104.55,32.82,65.95,100,1,38.8171313424085,191.5687391718824,89.96976470947266,2800000.0,9.7,0.0011352992938905
03-05-2018,67.12,9898.05,30.4,30.16,33.65,81.96,100,0,38.8171313424085,191.5687391718824,89.96976470947266,2800000.0,9.7,0.0011352992938905
04-05-2018,68.75,12766.54,84.6,94.44,35.57,76.75,100,1,38.8171313424085,191.5687391718824,89.96976470947266,2800000.0,9.7,0.0011352992938905
05-05-2018,67.35,12155.57,49.59,74.01,27.95,64.85,100,1,38.8171313424085,191.5687391718824,89.96976470947266,2800000.0,9.7,0.0011352992938905
06-05-2018,67.71,12323.28,53.09,78.15,29.92,92.78,100,1,38.8171313424085,191.5687391718824,89.96976470947266,2800000.0,9.7,0.0011352992938905
07-05-2018,66.15,8830.18,9.62,12.44,30.76,86.44,100,0,38.8171313424085,191.5687391718824,89.96976470947266,2800000.0,9.7,0.0011352992938905
08-05-2018,68.46,13029.61,82.69,100.96,28.91,77.16,100,1,38.8171313424085,191.5687391718824,89.96976470947266,2800000.0,9.7,0.0011352992938905
09-05-2018,66.75,10973.8,33.29,57.79,25.65,84.96,100,0,38.8171313424085,191.5687391718824,89.96976470947266,2800000.0,9.7,0.0011352992938905
10-05-2018,67.66,11466.32,34.64,63.68,33.25,63.82,100,0,38.8171313424085,191.5687391718824,89.96976470947266,2800000.0,9.7,0.0011352992938905
11-05-2018,67.43,12761.35,75.05,93.34,30.57,80.36,100,1,38.8171313424085,191.5687391718824,89.96976470947266,2800000.0,9.7,0.0011352992938905
12-05-2018,66.74,9032.51,10.19,14.15,31.23,77.84,100,0,38.8171313424085,191.5687391718824,89.96976470947266,2800000.0,9.7,0.0011352992938905
13-05-2018,67.12,9761.9,43.65,39.99,31.31,60.1,100,0,38.8171313424085,191.5687391718824,89.96976470947266,2800000.0,9.7,0.0011352992938905
14-05-2018,66.78,11691.81,57.68,73.58,28.98,74.84,100,1,38.8171313424085,191.5687391718824,89.96976470947266,2800000.0,9.7,0.0011352992938905
15-05-2018,66.39,11156.49,60.43,55.57,35.76,86.43,100,1,38.8171313424085,191.5687391718824,89.96976470947266,2800000.0,9.7,0.0011352992938905
16-05-2018,69.05,13617.3,112.72,106.44,32.04,86.35,100,1,38.8171313424085,191.5687391718824,89.96976470947266,2800000.0,9.7,0.0011352992938905
17-05-2018,67.47,12970.48,100.37,93.39,24.29,88.32,100,1,38.8171313424085,191.5687391718824,89.96976470947266,2800000.0,9.7,0.0011352992938905
18-05-2018,67.78,14165.82,102.37,122.53,31.66,72.29,100,1,38.8171313424085,191.5687391718824,89.96976470947266,2800000.0,9.7,0.0011352992938905
19-05-2018,68.9,14329.22,105.43,117.08,25.25,70.08,100,1,38.8171313424085,191.5687391718824,89.96976470947266,2800000.0,9.7,0.0011352992938905
20-05-2018,66.96,9192.94,20.84,31.23,25.51,79.95,100,0,38.8171313424085,191.5687391718824,89.96976470947266,2800000.0,9.7,0.0011352992938905
21-05-2018,65.85,9564.7,34.31,36.59,33.2,67.6,100,0,38.8171313424085,191.5687391718824,89.96976470947266,2800000.0,9.7,0.0011352992938905
22-05-2018,68.44,14842.88,113.82,128.1,26.16,92.62,100,1,38.8171313424085,191.5687391718824,89.96976470947266,2800000.0,9.7,0.0011352992938905
23-05-2018,67.14,12099.1,73.48,84.82,25.6,83.05,100,1,38.8171313424085,191.5687391718824,89.96976470947266,2800000.0,9.7,0.0011352992938905
24-05-2018,67.29,12414.37,62.27,81.49,33.75,94.67,100,1,38.8171313424085,191.5687391718824,89.96976470947266,2800000.0,9.7,0.0011352992938905
25-05-2018,65.92,9918.38,46.03,40.94,25.25,76.89,100,0,38.8171313424085,191.5687391718824,89.96976470947266,2800000.0,9.7,0.0011352992938905
26-05-2018,66.16,8768.93,22.01,18.79,33.6,68.64,100,0,38.8171313424085,191.5687391718824,89.96976470947266,2800000.0,9.7,0.0011352992938905
27-05-2018,67.63,10143.59,22.44,42.78,33.34,80.24,100,0,38.8171313424085,191.5687391718824,89.96976470947266,2800000.0,9.7,0.0011352992938905
28-05-2018,68.24,11299.47,66.67,74.51,25.17,68.29,100,1,38.8171313424085,191.5687391718824,89.96976470947266,2800000.0,9.7,0.0011352992938905
29-05-2018,65.94,9356.41,35.99,28.59,25.46,61.46,100,0,38.8171313424085,191.5687391718824,89.96976470947266,2800000.0,9.7,0.0011352992938905
30-05-2018,67.39,9636.87,19.24,23.36,24.74,70.75,100,0,38.8171313424085,191.5687391718824,89.96976470947266,2800000.0,9.7,0.0011352992938905
31-05-2018,67.32,9097.25,15.44,31.2,27.58,91.28,100,0,38.8171313424085,191.5687391718824,89.96976470947266,2800000.0,9.7,0.0011352992938905
01-06-2018,68.04,10522.69,64.08,56.66,25.08,86.05,100,1,38.8171313424085,191.5687391718824,89.96976470947266,2800000.0,9.7,0.0011352992938905
02-06-2018,65.88,9181.34,29.23,23.99,26.06,67.57,100,0,38.8171313424085,191.5687391718824,89.96976470947266,2800000.0,9.7,0.0011352992938905
03-06-2018,66.16,10714.67,42.62,53.08,29.92,77.59,100,0,38.8171313424085,191.5687391718824,89.96976470947266,2800000.0,9.7,0.0011352992938905
04-06-2018,66.86,11143.78,51.59,65.98,35.05,66.84,100,1,38.8171313424085,191.5687391718824,89.96976470947266,2800000.0,9.7,0.0011352992938905
05-06-2018,67.39,10616.67,26.66,53.25,35.14,82.59,100,0,38.8171313424085,191.5687391718824,89.96976470947266,2800000.0,9.7,0.0011352992938905
06-06-2018,68.59,12795.48,64.41,93.12,28.27,93.01,100,1,38.8171313424085,191.5687391718824,89.96976470947266,2800000.0,9.7,0.0011352992938905
07-06-2018,66.49,8753.99,9.57,8.1,35.39,72.85,100,0,38.8171313424085,191.5687391718824,89.96976470947266,2800000.0,9.7,0.0011352992938905
08-06-2018,67.8,9959.93,26.09,44.21,31.06,61.08,100,0,38.8171313424085,191.5687391718824,89.96976470947266,2800000.0,9.7,0.0011352992938905
09-06-2018,66.9,11586.25,64.43,80.61,26.88,72.25,100,1,38.8171313424085,191.5687391718824,89.96976470947266,2800000.0,9.7,0.0011352992938905
10-06-2018,68.53,12934.97,102.05,97.06,26.25,75.69,100,1,38.8171313424085,191.5687391718824,89.96976470947266,2800000.0,9.7,0.0011352992938905
11-06-2018,66.56,11773.02,54.59,72.02,32.21,74.31,100,1,38.8171313424085,191.5687391718824,89.96976470947266,2800000.0,9.7,0.0011352992938905
12-06-2018,68.42,14022.9,115.44,118.74,32.08,79.08,100,1,38.8171313424085,191.5687391718824,89.96976470947266,2800000.0,9.7,0.0011352992938905
13-06-2018,68.3,11549.02,60.71,67.37,33.57,63.75,100,1,38.8171313424085,191.5687391718824,89.96976470947266,2800000.0,9.7,0.0011352992938905
14-06-2018,67.88,13627.72,92.19,103.64,24.88,83.3,100,1,38.8171313424085,191.5687391718824,89.96976470947266,2800000.0,9.7,0.0011352992938905
15-06-2018,66.79,10529.65,32.51,49.61,35.53,83.13,100,0,38.8171313424085,191.5687391718824,89.96976470947266,2800000.0,9.7,0.0011352992938905
16-06-2018,67.72,12000.16,53.24,71.9,27.73,66.92,100,1,38.8171313424085,191.5687391718824,89.96976470947266,2800000.0,9.7,0.0011352992938905
17-06-2018,67.99,10947.4,35.27,49.91,30.14,72.45,100,0,38.8171313424085,191.5687391718824,89.96976470947266,2800000.0,9.7,0.0011352992938905
18-06-2018,67.68,13546.51,119.39,116.48,33.38,64.78,100,1,38.8171313424085,191.5687391718824,89.96976470947266,2800000.0,9.7,0.0011352992938905
19-06-2018,66.82,11201.01,40.18,56.79,32.46,86.87,100,0,38.8171313424085,191.5687391718824,89.96976470947266,2800000.0,9.7,0.0011352992938905
20-06-2018,67.13,12302.21,90.52,93.35,24.02,83.47,100,1,38.8171313424085,191.5687391718824,89.96976470947266,2800000.0,9.7,0.0011352992938905
21-06-2018,65.79,7758.92,9.66,1.68,29.64,92.72,100,0,38.8171313424085,191.5687391718824,89.96976470947266,2800000.0,9.7,0.0011352992938905
22-06-2018,66.04,7994.48,4.04,7.55,34.68,67.21,100,0,38.8171313424085,191.5687391718824,89.96976470947266,2800000.0,9.7,0.0011352992938905
23-06-2018,66.23,10975.23,47.44,59.55,32.86,69.11,100,1,38.8171313424085,191.5687391718824,89.96976470947266,2800000.0,9.7,0.0011352992938905
24-06-2018,67.04,9120.13,21.72,29.02,31.37,73.19,100,0,38.8171313424085,191.5687391718824,89.96976470947266,2800000.0,9.7,0.0011352992938905
25-06-2018,67.43,12142.37,87.38,91.81,28.82,73.95,100,1,38.8171313424085,191.5687391718824,89.96976470947266,2800000.0,9.7,0.0011352992938905
26-06-2018,67.59,13578.29,111.97,103.54,25.69,87.82,100,1,38.8171313424085,191.5687391718824,89.96976470947266,2800000.0,9.7,0.0011352992938905
27-06-2018,67.11,12198.63,63.09,84.0,26.43,93.02,100,1,38.8171313424085,191.5687391718824,89.96976470947266,2800000.0,9.7,0.0011352992938905
28-06-2018,67.62,12452.96,89.02,88.9,31.96,71.55,100,1,38.8171313424085,191.5687391718824,89.96976470947266,2800000.0,9.7,0.0011352992938905
29-06-2018,67.52,12940.85,68.34,91.71,31.63,83.35,100,1,38.8171313424085,191.5687391718824,89.96976470947266,2800000.0,9.7,0.0011352992938905
30-06-2018,66.43,10797.16,37.25,49.4,30.28,73.53,100,0,38.8171313424085,191.5687391718824,89.96976470947266,2800000.0,9.7,0.0011352992938905
01-07-2018,66.61,11008.96,41.5,51.41,29.34,67.67,100,0,38.8171313424085,191.5687391718824,89.96976470947266,2800000.0,9.7,0.0011352992938905
02-07-2018,67.78,14669.34,118.19,125.21,27.29,93.01,100,1,38.8171313424085,191.5687391718824,89.96976470947266,2800000.0,9.7,0.0011352992938905
03-07-2018,68.22,13621.27,101.49,117.91,27.15,76.15,100,1,38.8171313424085,191.5687391718824,89.96976470947266,2800000.0,9.7,0.0011352992938905
04-07-2018,68.02,11085.68,62.75,64.99,35.71,68.41,100,1,38.8171313424085,191.5687391718824,89.96976470947266,2800000.0,9.7,0.0011352992938905
05-07-2018,66.74,9897.24,29.91,42.15,30.67,79.49,100,0,38.8171313424085,191.5687391718824,89.96976470947266,2800000.0,9.7,0.0011352992938905
06-07-2018,67.15,8662.39,20.19,11.87,28.29,80.19,100,0,38.8171313424085,191.5687391718824,89.96976470947266,2800000.0,9.7,0.0011352992938905
07-07-2018,65.6,7736.58,4.57,2.71,35.49,70.22,100,0,38.8171313424085,191.5687391718824,89.96976470947266,2800000.0,9.7,0.0011352992938905
08-07-2018,65.7,10040.68,13.6,34.45,34.58,66.83,100,0,38.8171313424085,191.5687391718824,89.96976470947266,2800000.0,9.7,0.0011352992938905
09-07-2018,65.98,10406.29,23.64,48.3,32.24,63.96,100,0,38.8171313424085,191.5687391718824,89.96976470947266,2800000.0,9.7,0.0011352992938905
10-07-2018,66.76,9867.12,23.58,31.49,35.64,78.36,100,0,38.8171313424085,191.5687391718824,89.96976470947266,2800000.0,9.7,0.0011352992938905
11-07-2018,68.2,12843.47,67.6,92.05,35.86,65.34,100,1,38.8171313424085,191.5687391718824,89.96976470947266,2800000.0,9.7,0.0011352992938905
12-07-2018,67.27,8972.04,23.96,25.56,34.15,76.84,100,0,38.8171313424085,191.5687391718824,89.96976470947266,2800000.0,9.7,0.0011352992938905
13-07-2018,66.21,8535.71,8.18,2.74,24.48,80.24,100,0,38.8171313424085,191.5687391718824,89.96976470947266,2800000.0,9.7,0.0011352992938905
14-07-2018,68.36,13427.28,103.21,110.73,34.22,64.17,100,1,38.8171313424085,191.5687391718824,89.96976470947266,2800000.0,9.7,0.0011352992938905
15-07-2018,67.16,9083.67,12.89,28.37,32.08,82.56,100,0,38.8171313424085,191.5687391718824,89.96976470947266,2800000.0,9.7,0.0011352992938905
16-07-2018,68.8,12541.12,100.72,97.25,29.99,85.11,100,1,38.8171313424085,191.5687391718824,89.96976470947266,2800000.0,9.7,0.0011352992938905
17-07-2018,67.08,12320.62,92.36,83.32,25.93,82.23,100,1,38.8171313424085,191.5687391718824,89.96976470947266,2800000.0,9.7,0.0011352992938905
18-07-2018,67.86,13951.84,97.98,126.44,31.03,79.31,100,1,38.8171313424085,191.5687391718824,89.96976470947266,2800000.0,9.7,0.0011352992938905
19-07-2018,66.83,9514.68,21.43,37.25,33.45,91.4,100,0,38.8171313424085,191.5687391718824,89.96976470947266,2800000.0,9.7,0.0011352992938905
20-07-2018,66.47,9786.6,29.66,26.77,24.92,72.96,100,0,38.8171313424085,191.5687391718824,89.96976470947266,2800000.0,9.7,0.0011352992938905
21-07-2018,67.39,10633.26,48.85,56.61,28.69,94.08,100,1,38.8171313424085,191.5687391718824,89.96976470947266,2800000.0,9.7,0.0011352992938905
22-07-2018,67.1,13079.62,96.53,99.31,34.45,87.62,100,1,38.8171313424085,191.5687391718824,89.96976470947266,2800000.0,9.7,0.0011352992938905
23-07-2018,65.91,9040.65,11.27,21.37,34.7,79.42,100,0,38.8171313424085,191.5687391718824,89.96976470947266,2800000.0,9.7,0.0011352992938905
24-07-2018,68.72,12621.19,79.17,92.96,26.36,77.04,100,1,38.8171313424085,191.5687391718824,89.96976470947266,2800000.0,9.7,0.0011352992938905
25-07-2018,66.86,11132.96,44.84,60.13,24.01,79.3,100,1,38.8171313424085,191.5687391718824,89.96976470947266,2800000.0,9.7,0.0011352992938905
26-07-2018,68.53,14332.03,109.31,134.8,31.51,85.38,100,1,38.8171313424085,191.5687391718824,89.96976470947266,2800000.0,9.7,0.0011352992938905
27-07-2018,67.72,14291.76,106.69,117.05,34.5,86.33,100,1,38.8171313424085,191.5687391718824,89.96976470947266,2800000.0,9.7,0.0011352992938905
28-07-2018,65.97,9203.61,30.12,21.54,35.22,71.29,100,0,38.8171313424085,191.5687391718824,89.96976470947266,2800000.0,9.7,0.0011352992938905
29-07-2018,67.22,13183.96,96.94,101.11,27.39,67.88,100,1,38.8171313424085,191.5687391718824,89.96976470947266,2800000.0,9.7,0.0011352992938905
30-07-2018,66.96,11399.29,56.75,71.6,30.78,81.34,100,1,38.8171313424085,191.5687391718824,89.96976470947266,2800000.0,9.7,0.0011352992938905
31-07-2018,65.74,8952.68,19.39,16.79,27.17,91.36,100,0,38.8171313424085,191.5687391718824,89.96976470947266,2800000.0,9.7,0.0011352992938905
01-08-2018,65.8,7979.92,6.0,6.46,27.24,87.91,100,0,38.8171313424085,191.5687391718824,89.96976470947266,2800000.0,9.7,0.0011352992938905
02-08-2018,68.28,12793.77,63.34,93.3,28.81,94.3,100,1,38.8171313424085,191.5687391718824,89.96976470947266,2800000.0,9.7,0.0011352992938905
03-08-2018,68.35,11707.9,69.74,73.18,32.84,90.38,100,1,38.8171313424085,191.5687391718824,89.96976470947266,2800000.0,9.7,0.0011352992938905
04-08-2018,66.86,9762.0,23.48,31.09,35.12,81.88,100,0,38.8171313424085,191.5687391718824,89.96976470947266,2800000.0,9.7,0.0011352992938905
05-08-2018,67.23,10471.77,41.51,50.43,30.51,63.97,100,0,38.8171313424085,191.5687391718824,89.96976470947266,2800000.0,9.7,0.0011352992938905
06-08-2018,68.37,15007.26,112.15,138.31,24.08,72.79,100,1,38.8171313424085,191.5687391718824,89.96976470947266,2800000.0,9.7,0.0011352992938905
07-08-2018,68.97,14300.32,116.45,125.39,31.95,82.76,100,1,38.8171313424085,191.5687391718824,89.96976470947266,2800000.0,9.7,0.0011352992938905
08-08-2018,68.89,13441.91,80.06,109.25,26.79,92.78,100,1,38.8171313424085,191.5687391718824,89.96976470947266,2800000.0,9.7,0.0011352992938905
09-08-2018,66.94,9785.13,17.25,25.96,28.32,81.68,100,0,38.8171313424085,191.5687391718824,89.96976470947266,2800000.0,9.7,0.0011352992938905
10-08-2018,68.15,11400.57,76.33,72.49,28.63,78.21,100,1,38.8171313424085,191.5687391718824,89.96976470947266,2800000.0,9.7,0.0011352992938905
11-08-2018,67.39,12819.28,69.18,88.01,30.61,63.36,100,1,38.8171313424085,191.5687391718824,89.96976470947266,2800000.0,9.7,0.0011352992938905
12-08-2018,66.87,9862.01,52.97,44.96,26.37,85.27,100,0,38.8171313424085,191.5687391718824,89.96976470947266,2800000.0,9.7,0.0011352992938905
13-08-2018,68.23,14278.06,104.18,116.17,25.54,88.37,100,1,38.8171313424085,191.5687391718824,89.96976470947266,2800000.0,9.7,0.0011352992938905
14-08-2018,67.15,9924.24,10.63,30.51,26.38,63.44,100,0,38.8171313424085,191.5687391718824,89.96976470947266,2800000.0,9.7,0.0011352992938905
15-08-2018,66.35,9102.56,5.58,26.64,30.21,67.55,100,0,38.8171313424085,191.5687391718824,89.96976470947266,2800000.0,9.7,0.0011352992938905
16-08-2018,67.92,14232.09,101.69,116.56,26.14,70.81,100,1,38.8171313424085,191.5687391718824,89.96976470947266,2800000.0,9.7,0.0011352992938905
17-08-2018,66.51,11536.4,37.65,62.16,25.12,70.4,100,0,38.8171313424085,191.5687391718824,89.96976470947266,2800000.0,9.7,0.0011352992938905
18-08-2018,67.86,10574.36,46.0,44.27,32.28,75.2,100,0,38.8171313424085,191.5687391718824,89.96976470947266,2800000.0,9.7,0.0011352992938905
19-08-2018,68.81,13253.09,105.7,114.73,26.22,84.58,100,1,38.8171313424085,191.5687391718824,89.96976470947266,2800000.0,9.7,0.0011352992938905
20-08-2018,68.68,14055.28,95.69,111.63,33.05,61.35,100,1,38.8171313424085,191.5687391718824,89.96976470947266,2800000.0,9.7,0.0011352992938905
21-08-2018,68.95,13821.38,105.19,117.94,35.87,85.47,100,1,38.8171313424085,191.5687391718824,89.96976470947266,2800000.0,9.7,0.0011352992938905
22-08-2018,66.54,11011.53,58.43,55.35,27.16,63.97,100,1,38.8171313424085,191.5687391718824,89.96976470947266,2800000.0,9.7,0.0011352992938905
23-08-2018,68.25,13510.73,113.87,104.46,29.57,86.49,100,1,38.8171313424085,191.5687391718824,89.96976470947266,2800000.0,9.7,0.0011352992938905
24-08-2018,68.99,14027.43,102.24,111.19,28.4,92.11,100,1,38.8171313424085,191.5687391718824,89.96976470947266,2800000.0,9.7,0.0011352992938905
25-08-2018,67.83,13535.38,119.41,119.72,25.32,60.42,100,1,38.8171313424085,191.5687391718824,89.96976470947266,2800000.0,9.7,0.0011352992938905
26-08-2018,66.98,9758.52,26.1,34.09,28.1,60.77,100,0,38.8171313424085,191.5687391718824,89.96976470947266,2800000.0,9.7,0.0011352992938905
27-08-2018,68.19,11460.58,49.29,63.58,27.19,67.07,100,1,38.8171313424085,191.5687391718824,89.96976470947266,2800000.0,9.7,0.0011352992938905
28-08-2018,67.02,8175.29,4.73,4.76,33.25,87.15,100,0,38.8171313424085,191.5687391718824,89.96976470947266,2800000.0,9.7,0.0011352992938905
29-08-2018,67.31,9891.58,18.48,42.35,27.48,92.3,100,0,38.8171313424085,191.5687391718824,89.96976470947266,2800000.0,9.7,0.0011352992938905
30-08-2018,68.87,14556.88,116.29,128.47,25.2,73.62,100,1,38.8171313424085,191.5687391718824,89.96976470947266,2800000.0,9.7,0.0011352992938905
31-08-2018,66.18,10447.59,37.69,46.43,29.89,61.53,100,0,38.8171313424085,191.5687391718824,89.96976470947266,2800000.0,9.7,0.0011352992938905
01-09-2018,67.48,13629.33,112.11,103.16,27.1,62.1,100,1,38.8171313424085,191.5687391718824,89.96976470947266,2800000.0,9.7,0.0011352992938905
02-09-2018,66.8,8743.38,28.97,20.85,28.87,72.61,100,0,38.8171313424085,191.5687391718824,89.96976470947266,2800000.0,9.7,0.0011352992938905
03-09-2018,66.64,11179.13,60.9,58.29,26.0,90.59,100,1,38.8171313424085,191.5687391718824,89.96976470947266,2800000.0,9.7,0.0011352992938905
04-09-2018,66.42,11819.65,72.14,70.22,26.06,83.17,100,1,38.8171313424085,191.5687391718824,89.96976470947266,2800000.0,9.7,0.0011352992938905
05-09-2018,66.42,10003.42,22.07,49.73,24.39,88.91,100,0,38.8171313424085,191.5687391718824,89.96976470947266,2800000.0,9.7,0.0011352992938905
06-09-2018,68.6,11827.36,80.71,81.02,27.05,63.39,100,1,38.8171313424085,191.5687391718824,89.96976470947266,2800000.0,9.7,0.0011352992938905
07-09-2018,65.95,9838.08,42.9,40.42,24.05,85.6,100,0,38.8171313424085,191.5687391718824,89.96976470947266,2800000.0,9.7,0.0011352992938905
08-09-2018,67.94,10496.71,33.62,59.8,28.46,62.2,100,0,38.8171313424085,191.5687391718824,89.96976470947266,2800000.0,9.7,0.0011352992938905
09-09-2018,69.4,14347.17,101.62,125.43,25.3,68.94,100,1,38.8171313424085,191.5687391718824,89.96976470947266,2800000.0,9.7,0.0011352992938905
10-09-2018,67.68,10776.65,62.9,65.45,33.87,92.59,100,1,38.8171313424085,191.5687391718824,89.96976470947266,2800000.0,9.7,0.0011352992938905
11-09-2018,69.06,14194.64,111.87,122.69,26.25,70.49,100,1,38.8171313424085,191.5687391718824,89.96976470947266,2800000.0,9.7,0.0011352992938905
12-09-2018,68.7,13476.09,88.38,104.66,32.65,63.49,100,1,38.8171313424085,191.5687391718824,89.96976470947266,2800000.0,9.7,0.0011352992938905
13-09-2018,67.71,12866.39,68.16,93.33,26.05,85.76,100,1,38.8171313424085,191.5687391718824,89.96976470947266,2800000.0,9.7,0.0011352992938905
14-09-2018,67.77,13726.28,94.91,123.04,34.27,87.79,100,1,38.8171313424085,191.5687391718824,89.96976470947266,2800000.0,9.7,0.0011352992938905
15-09-2018,68.17,12355.8,101.2,91.52,28.81,82.84,100,1,38.8171313424085,191.5687391718824,89.96976470947266,2800000.0,9.7,0.0011352992938905
16-09-2018,67.18,11707.53,66.17,64.82,29.37,85.14,100,1,38.8171313424085,191.5687391718824,89.96976470947266,2800000.0,9.7,0.0011352992938905
17-09-2018,68.38,14797.03,110.57,128.19,29.23,83.32,100,1,38.8171313424085,191.5687391718824,89.96976470947266,2800000.0,9.7,0.0011352992938905
18-09-2018,66.71,12192.95,77.66,82.37,31.53,82.32,100,1,38.8171313424085,191.5687391718824,89.96976470947266,2800000.0,9.7,0.0011352992938905
19-09-2018,67.56,12466.48,69.7,95.27,26.26,62.63,100,1,38.8171313424085,191.5687391718824,89.96976470947266,2800000.0,9.7,0.0011352992938905
20-09-2018,68.07,10932.2,31.89,54.04,30.65,84.72,100,0,38.8171313424085,191.5687391718824,89.96976470947266,2800000.0,9.7,0.0011352992938905
21-09-2018,69.07,13314.85,116.51,107.34,34.61,90.56,100,1,38.8171313424085,191.5687391718824,89.96976470947266,2800000.0,9.7,0.0011352992938905
22-09-2018,66.8,9600.26,4.3,27.27,33.21,94.71,100,0,38.8171313424085,191.5687391718824,89.96976470947266,2800000.0,9.7,0.0011352992938905
23-09-2018,68.49,13637.92,84.67,106.89,35.16,78.81,100,1,38.8171313424085,191.5687391718824,89.96976470947266,2800000.0,9.7,0.0011352992938905
24-09-2018,66.76,8323.39,11.21,1.22,25.66,62.26,100,0,38.8171313424085,191.5687391718824,89.96976470947266,2800000.0,9.7,0.0011352992938905
25-09-2018,66.42,9742.72,20.49,38.43,33.38,86.35,100,0,38.8171313424085,191.5687391718824,89.96976470947266,2800000.0,9.7,0.0011352992938905
26-09-2018,68.99,12939.65,94.35,106.16,32.6,88.47,100,1,38.8171313424085,191.5687391718824,89.96976470947266,2800000.0,9.7,0.0011352992938905
27-09-2018,67.93,11434.93,57.38,76.96,34.3,91.58,100,1,38.8171313424085,191.5687391718824,89.96976470947266,2800000.0,9.7,0.0011352992938905
28-09-2018,68.29,12534.67,58.75,82.97,30.79,62.09,100,1,38.8171313424085,191.5687391718824,89.96976470947266,2800000.0,9.7,0.0011352992938905
29-09-2018,67.41,13223.04,110.58,113.42,26.84,62.02,100,1,38.8171313424085,191.5687391718824,89.96976470947266,2800000.0,9.7,0.0011352992938905
30-09-2018,68.15,14315.87,113.26,118.25,35.71,69.68,100,1,38.8171313424085,191.5687391718824,89.96976470947266,2800000.0,9.7,0.0011352992938905
01-10-2018,66.54,8428.77,6.02,8.37,24.76,86.78,100,0,38.8171313424085,191.5687391718824,89.96976470947266,2800000.0,9.7,0.0011352992938905
02-10-2018,66.87,12263.89,59.83,78.93,26.81,75.02,100,1,38.8171313424085,191.5687391718824,89.96976470947266,2800000.0,9.7,0.0011352992938905
03-10-2018,68.01,12171.14,81.07,81.87,30.92,89.84,100,1,38.8171313424085,191.5687391718824,89.96976470947266,2800000.0,9.7,0.0011352992938905
04-10-2018,66.64,8465.52,8.77,10.69,33.84,69.19,100,0,38.8171313424085,191.5687391718824,89.96976470947266,2800000.0,9.7,0.0011352992938905
05-10-2018,67.2,12515.99,74.74,84.7,33.45,67.73,100,1,38.8171313424085,191.5687391718824,89.96976470947266,2800000.0,9.7,0.0011352992938905
06-10-2018,68.39,13052.1,73.93,101.54,25.49,86.59,100,1,38.8171313424085,191.5687391718824,89.96976470947266,2800000.0,9.7,0.0011352992938905
07-10-2018,66.47,9940.77,21.48,42.92,34.23,72.03,100,0,38.8171313424085,191.5687391718824,89.96976470947266,2800000.0,9.7,0.0011352992938905
08-10-2018,67.19,8902.36,33.51,26.93,25.22,90.44,100,0,38.8171313424085,191.5687391718824,89.96976470947266,2800000.0,9.7,0.0011352992938905
09-10-2018,68.25,12168.85,88.31,93.14,33.71,67.23,100,1,38.8171313424085,191.5687391718824,89.96976470947266,2800000.0,9.7,0.0011352992938905
10-10-2018,65.39,9137.68,8.39,18.94,34.71,84.58,100,0,38.8171313424085,191.5687391718824,89.96976470947266,2800000.0,9.7,0.0011352992938905
11-10-2018,67.86,12946.46,83.59,96.78,24.44,74.13,100,1,38.8171313424085,191.5687391718824,89.96976470947266,2800000.0,9.7,0.0011352992938905
12-10-2018,68.3,11881.0,85.3,77.57,30.69,72.56,100,1,38.8171313424085,191.5687391718824,89.96976470947266,2800000.0,9.7,0.0011352992938905
13-10-2018,67.56,13988.12,111.65,117.73,35.63,65.58,100,1,38.8171313424085,191.5687391718824,89.96976470947266,2800000.0,9.7,0.0011352992938905
14-10-2018,67.96,13624.83,115.78,115.36,34.63,91.98,100,1,38.8171313424085,191.5687391718824,89.96976470947266,2800000.0,9.7,0.0011352992938905
15-10-2018,68.69,13091.47,101.41,97.78,32.96,92.61,100,1,38.8171313424085,191.5687391718824,89.96976470947266,2800000.0,9.7,0.0011352992938905
16-10-2018,68.43,13277.21,101.7,98.29,24.9,80.02,100,1,38.8171313424085,191.5687391718824,89.96976470947266,2800000.0,9.7,0.0011352992938905
17-10-2018,67.22,13698.43,115.86,105.91,31.66,80.4,100,1,38.8171313424085,191.5687391718824,89.96976470947266,2800000.0,9.7,0.0011352992938905
18-10-2018,66.74,9158.6,12.58,21.42,28.71,81.56,100,0,38.8171313424085,191.5687391718824,89.96976470947266,2800000.0,9.7,0.0011352992938905
19-10-2018,67.02,12520.74,100.22,91.06,33.3,92.95,100,1,38.8171313424085,191.5687391718824,89.96976470947266,2800000.0,9.7,0.0011352992938905
20-10-2018,65.88,9944.8,16.11,36.86,28.89,86.19,100,0,38.8171313424085,191.5687391718824,89.96976470947266,2800000.0,9.7,0.0011352992938905
21-10-2018,65.92,9431.36,16.87,22.21,32.07,83.84,100,0,38.8171313424085,191.5687391718824,89.96976470947266,2800000.0,9.7,0.0011352992938905
22-10-2018,66.59,11528.26,64.46,69.35,31.29,84.16,100,1,38.8171313424085,191.5687391718824,89.96976470947266,2800000.0,9.7,0.0011352992938905
23-10-2018,67.23,12873.19,69.97,96.17,33.01,79.65,100,1,38.8171313424085,191.5687391718824,89.96976470947266,2800000.0,9.7,0.0011352992938905
24-10-2018,67.84,11359.29,57.09,58.25,32.28,75.72,100,1,38.8171313424085,191.5687391718824,89.96976470947266,2800000.0,9.7,0.0011352992938905
25-10-2018,68.68,12238.27,62.43,85.08,34.76,87.66,100,1,38.8171313424085,191.5687391718824,89.96976470947266,2800000.0,9.7,0.0011352992938905
26-10-2018,68.06,12223.21,63.57,78.78,32.3,82.57,100,1,38.8171313424085,191.5687391718824,89.96976470947266,2800000.0,9.7,0.0011352992938905
27-10-2018,67.88,11066.37,50.36,62.8,27.62,65.2,100,1,38.8171313424085,191.5687391718824,89.96976470947266,2800000.0,9.7,0.0011352992938905
28-10-2018,65.67,8860.25,11.81,17.54,27.01,76.94,100,0,38.8171313424085,191.5687391718824,89.96976470947266,2800000.0,9.7,0.0011352992938905
29-10-2018,69.38,14345.94,109.25,130.69,32.34,74.51,100,1,38.8171313424085,191.5687391718824,89.96976470947266,2800000.0,9.7,0.0011352992938905
30-10-2018,65.71,9068.7,28.42,25.5,26.38,82.74,100,0,38.8171313424085,191.5687391718824,89.96976470947266,2800000.0,9.7,0.0011352992938905
31-10-2018,68.33,11180.51,39.97,67.46,32.78,84.81,100,1,38.8171313424085,191.5687391718824,89.96976470947266,2800000.0,9.7,0.0011352992938905
01-11-2018,67.21,10771.69,51.3,50.43,33.23,75.94,100,1,38.8171313424085,191.5687391718824,89.96976470947266,2800000.0,9.7,0.0011352992938905
02-11-2018,68.96,12810.01,76.21,100.75,26.88,86.12,100,1,38.8171313424085,191.5687391718824,89.96976470947266,2800000.0,9.7,0.0011352992938905
03-11-2018,65.92,9869.41,5.74,31.34,30.77,68.99,100,0,38.8171313424085,191.5687391718824,89.96976470947266,2800000.0,9.7,0.0011352992938905
04-11-2018,66.73,11832.76,79.4,70.27,35.12,60.84,100,1,38.8171313424085,191.5687391718824,89.96976470947266,2800000.0,9.7,0.0011352992938905
05-11-2018,67.79,11416.5,71.74,67.97,28.42,70.24,100,1,38.8171313424085,191.5687391718824,89.96976470947266,2800000.0,9.7,0.0011352992938905
06-11-2018,67.18,12192.89,56.26,85.39,28.13,77.92,100,1,38.8171313424085,191.5687391718824,89.96976470947266,2800000.0,9.7,0.0011352992938905
07-11-2018,67.04,10500.39,34.1,51.06,29.11,93.68,100,0,38.8171313424085,191.5687391718824,89.96976470947266,2800000.0,9.7,0.0011352992938905
08-11-2018,66.1,9667.66,16.58,42.89,25.53,80.8,100,0,38.8171313424085,191.5687391718824,89.96976470947266,2800000.0,9.7,0.0011352992938905
09-11-2018,66.21,11061.4,28.71,53.35,27.98,80.41,100,0,38.8171313424085,191.5687391718824,89.96976470947266,2800000.0,9.7,0.0011352992938905
10-11-2018,67.87,14401.44,109.21,122.29,31.18,84.01,100,1,38.8171313424085,191.5687391718824,89.96976470947266,2800000.0,9.7,0.0011352992938905
11-11-2018,66.91,10170.83,52.94,50.02,35.18,93.51,100,1,38.8171313424085,191.5687391718824,89.96976470947266,2800000.0,9.7,0.0011352992938905
12-11-2018,68.89,15614.3,117.16,144.38,25.94,88.07,100,1,38.8171313424085,191.5687391718824,89.96976470947266,2800000.0,9.7,0.0011352992938905
13-11-2018,67.29,10454.85,30.17,42.03,35.27,79.55,100,0,38.8171313424085,191.5687391718824,89.96976470947266,2800000.0,9.7,0.0011352992938905
14-11-2018,67.72,13282.48,90.99,97.02,31.29,60.99,100,1,38.8171313424085,191.5687391718824,89.96976470947266,2800000.0,9.7,0.0011352992938905
15-11-2018,67.96,13903.43,116.1,127.39,24.23,83.83,100,1,38.8171313424085,191.5687391718824,89.96976470947266,2800000.0,9.7,0.0011352992938905
16-11-2018,68.83,12640.04,76.07,98.25,29.97,63.77,100,1,38.8171313424085,191.5687391718824,89.96976470947266,2800000.0,9.7,0.0011352992938905
17-11-2018,67.03,9417.88,28.79,35.68,25.06,79.71,100,0,38.8171313424085,191.5687391718824,89.96976470947266,2800000.0,9.7,0.0011352992938905
18-11-2018,66.14,9772.84,14.9,39.45,34.36,70.28,100,0,38.8171313424085,191.5687391718824,89.96976470947266,2800000.0,9.7,0.0011352992938905
19-11-2018,66.3,10517.63,51.55,54.89,28.35,71.96,100,1,38.8171313424085,191.5687391718824,89.96976470947266,2800000.0,9.7,0.0011352992938905
20-11-2018,67.87,14152.45,117.39,126.76,31.95,65.36,100,1,38.8171313424085,191.5687391718824,89.96976470947266,2800000.0,9.7,0.0011352992938905
21-11-2018,68.27,12227.57,92.27,89.65,27.68,94.78,100,1,38.8171313424085,191.5687391718824,89.96976470947266,2800000.0,9.7,0.0011352992938905
22-11-2018,68.74,12628.0,70.67,87.1,27.1,86.84,100,1,38.8171313424085,191.5687391718824,89.96976470947266,2800000.0,9.7,0.0011352992938905
23-11-2018,67.18,12787.6,75.25,92.23,35.85,74.56,100,1,38.8171313424085,191.5687391718824,89.96976470947266,2800000.0,9.7,0.0011352992938905
24-11-2018,67.29,13045.95,91.49,97.36,31.59,93.54,100,1,38.8171313424085,191.5687391718824,89.96976470947266,2800000.0,9.7,0.0011352992938905
25-11-2018,68.15,11675.22,71.06,65.42,25.17,80.25,100,1,38.8171313424085,191.5687391718824,89.96976470947266,2800000.0,9.7,0.0011352992938905
26-11-2018,66.93,9476.62,35.47,37.49,26.4,60.58,100,0,38.8171313424085,191.5687391718824,89.96976470947266,2800000.0,9.7,0.0011352992938905
27-11-2018,68.86,12277.79,94.8,94.12,33.27,74.43,100,1,38.8171313424085,191.5687391718824,89.96976470947266,2800000.0,9.7,0.0011352992938905
28-11-2018,66.64,9209.15,22.32,27.98,29.2,74.78,100,0,38.8171313424085,191.5687391718824,89.96976470947266,2800000.0,9.7,0.0011352992938905
29-11-2018,69.21,13772.8,102.16,116.7,35.97,61.41,100,1,38.8171313424085,191.5687391718824,89.96976470947266,2800000.0,9.7,0.0011352992938905
30-11-2018,66.8,10515.51,44.99,59.96,27.78,94.3,100,1,38.8171313424085,191.5687391718824,89.96976470947266,2800000.0,9.7,0.0011352992938905
01-12-2018,66.97,12124.23,52.98,79.03,27.38,78.71,100,1,38.8171313424085,191.5687391718824,89.96976470947266,2800000.0,9.7,0.0011352992938905
02-12-2018,67.78,12779.83,70.37,94.97,26.01,87.03,100,1,38.8171313424085,191.5687391718824,89.96976470947266,2800000.0,9.7,0.0011352992938905
03-12-2018,67.42,10765.84,46.86,45.85,30.49,85.87,100,0,38.8171313424085,191.5687391718824,89.96976470947266,2800000.0,9.7,0.0011352992938905
04-12-2018,68.25,14268.22,110.17,127.62,33.8,70.5,100,1,38.8171313424085,191.5687391718824,89.96976470947266,2800000.0,9.7,0.0011352992938905
05-12-2018,67.34,9274.7,9.11,22.01,26.25,61.0,100,0,38.8171313424085,191.5687391718824,89.96976470947266,2800000.0,9.7,0.0011352992938905
06-12-2018,68.51,12507.88,74.56,97.67,29.68,90.35,100,1,38.8171313424085,191.5687391718824,89.96976470947266,2800000.0,9.7,0.0011352992938905
07-12-2018,67.29,13871.14,108.56,110.96,28.26,72.77,100,1,38.8171313424085,191.5687391718824,89.96976470947266,2800000.0,9.7,0.0011352992938905
08-12-2018,67.36,14026.88,96.23,116.98,34.88,88.23,100,1,38.8171313424085,191.5687391718824,89.96976470947266,2800000.0,9.7,0.0011352992938905
09-12-2018,67.51,9212.99,22.3,31.91,29.37,71.58,100,0,38.8171313424085,191.5687391718824,89.96976470947266,2800000.0,9.7,0.0011352992938905
10-12-2018,69.04,14403.79,110.04,124.98,34.46,79.96,100,1,38.8171313424085,191.5687391718824,89.96976470947266,2800000.0,9.7,0.0011352992938905
11-12-2018,67.47,10232.75,13.97,43.51,34.44,87.8,100,0,38.8171313424085,191.5687391718824,89.96976470947266,2800000.0,9.7,0.0011352992938905
12-12-2018,67.94,11468.01,43.82,61.0,26.5,91.22,100,1,38.8171313424085,191.5687391718824,89.96976470947266,2800000.0,9.7,0.0011352992938905
13-12-2018,66.43,8804.19,9.91,16.15,30.57,67.37,100,0,38.8171313424085,191.5687391718824,89.96976470947266,2800000.0,9.7,0.0011352992938905
14-12-2018,68.77,13951.24,116.32,112.66,25.16,91.44,100,1,38.8171313424085,191.5687391718824,89.96976470947266,2800000.0,9.7,0.0011352992938905
15-12-2018,67.34,13213.09,93.28,98.9,28.02,88.79,100,1,38.8171313424085,191.5687391718824,89.96976470947266,2800000.0,9.7,0.0011352992938905
16-12-2018,67.18,9329.68,5.26,27.15,34.45,88.44,100,0,38.8171313424085,191.5687391718824,89.96976470947266,2800000.0,9.7,0.0011352992938905
17-12-2018,68.06,14455.96,95.46,121.61,26.12,81.45,100,1,38.8171313424085,191.5687391718824,89.96976470947266,2800000.0,9.7,0.0011352992938905
18-12-2018,68.27,11292.98,54.15,68.21,27.69,77.52,100,1,38.8171313424085,191.5687391718824,89.96976470947266,2800000.0,9.7,0.0011352992938905
19-12-2018,68.19,12456.07,59.7,84.59,24.15,80.29,100,1,38.8171313424085,191.5687391718824,89.96976470947266,2800000.0,9.7,0.0011352992938905
20-12-2018,68.25,15221.65,114.6,142.12,26.76,92.94,100,1,38.8171313424085,191.5687391718824,89.96976470947266,2800000.0,9.7,0.0011352992938905
21-12-2018,68.6,13943.25,105.6,114.49,34.77,92.86,100,1,38.8171313424085,191.5687391718824,89.96976470947266,2800000.0,9.7,0.0011352992938905
22-12-2018,67.94,11866.93,59.3,67.76,28.55,68.91,100,1,38.8171313424085,191.5687391718824,89.96976470947266,2800000.0,9.7,0.0011352992938905
23-12-2018,68.15,11817.51,44.64,73.52,30.16,83.33,100,1,38.8171313424085,191.5687391718824,89.96976470947266,2800000.0,9.7,0.0011352992938905
24-12-2018,67.38,11254.54,55.63,62.02,29.48,60.36,100,1,38.8171313424085,191.5687391718824,89.96976470947266,2800000.0,9.7,0.0011352992938905
25-12-2018,67.28,11158.87,43.39,55.78,27.78,71.82,100,0,38.8171313424085,191.5687391718824,89.96976470947266,2800000.0,9.7,0.0011352992938905
26-12-2018,68.41,13751.18,103.0,116.6,31.23,73.2,100,1,38.8171313424085,191.5687391718824,89.96976470947266,2800000.0,9.7,0.0011352992938905
27-12-2018,68.94,13391.89,74.08,101.56,31.26,87.79,100,1,38.8171313424085,191.5687391718824,89.96976470947266,2800000.0,9.7,0.0011352992938905
28-12-2018,67.57,12893.78,101.59,101.32,29.95,61.71,100,1,38.8171313424085,191.5687391718824,89.96976470947266,2800000.0,9.7,0.0011352992938905
29-12-2018,66.6,11013.69,42.89,53.98,25.12,62.73,100,0,38.8171313424085,191.5687391718824,89.96976470947266,2800000.0,9.7,0.0011352992938905
30-12-2018,67.73,13461.77,70.96,99.48,26.03,89.12,100,1,38.8171313424085,191.5687391718824,89.96976470947266,2800000.0,9.7,0.0011352992938905
31-12-2018,66.93,9806.17,18.73,32.1,24.61,87.92,100,0,38.8171313424085,191.5687391718824,89.96976470947266,2800000.0,9.7,0.0011352992938905
01-01-2019,67.92,13269.82,81.34,105.87,30.0,92.17,100,1,38.8171313424085,191.5687391718824,89.96976470947266,2800000.0,9.7,0.0011352992938905
02-01-2019,68.19,10811.3,36.81,60.67,32.51,66.16,100,0,38.8171313424085,191.5687391718824,89.96976470947266,2800000.0,9.7,0.0011352992938905
03-01-2019,66.84,11476.6,68.66,66.06,27.12,75.23,100,1,38.8171313424085,191.5687391718824,89.96976470947266,2800000.0,9.7,0.0011352992938905
04-01-2019,69.59,14966.4,115.48,130.38,28.46,71.09,100,1,38.8171313424085,191.5687391718824,89.96976470947266,2800000.0,9.7,0.0011352992938905
05-01-2019,68.69,12554.06,69.59,86.15,34.39,63.51,100,1,38.8171313424085,191.5687391718824,89.96976470947266,2800000.0,9.7,0.0011352992938905
06-01-2019,67.83,10748.6,55.3,64.42,33.45,83.19,100,1,38.8171313424085,191.5687391718824,89.96976470947266,2800000.0,9.7,0.0011352992938905
07-01-2019,66.4,11416.27,66.06,69.68,29.89,72.22,100,1,38.8171313424085,191.5687391718824,89.96976470947266,2800000.0,9.7,0.0011352992938905
08-01-2019,66.87,9964.34,34.88,40.79,28.58,63.02,100,0,38.8171313424085,191.5687391718824,89.96976470947266,2800000.0,9.7,0.0011352992938905
09-01-2019,67.24,10819.69,43.46,59.83,26.28,72.25,100,1,38.8171313424085,191.5687391718824,89.96976470947266,2800000.0,9.7,0.0011352992938905
10-01-2019,67.4,14223.93,87.49,115.82,26.87,80.75,100,1,38.8171313424085,191.5687391718824,89.96976470947266,2800000.0,9.7,0.0011352992938905
11-01-2019,67.7,9961.6,48.77,49.07,34.7,86.91,100,0,38.8171313424085,191.5687391718824,89.96976470947266,2800000.0,9.7,0.0011352992938905
12-01-2019,65.97,9574.1,38.56,37.39,33.63,88.43,100,0,38.8171313424085,191.5687391718824,89.96976470947266,2800000.0,9.7,0.0011352992938905
13-01-2019,67.54,14293.33,98.8,119.9,34.45,89.62,100,1,38.8171313424085,191.5687391718824,89.96976470947266,2800000.0,9.7,0.0011352992938905
14-01-2019,68.6,14032.13,93.26,110.88,32.42,94.75,100,1,38.8171313424085,191.5687391718824,89.96976470947266,2800000.0,9.7,0.0011352992938905
15-01-2019,67.16,10875.4,50.54,64.62,31.83,89.68,100,1,38.8171313424085,191.5687391718824,89.96976470947266,2800000.0,9.7,0.0011352992938905
16-01-2019,67.22,10985.46,52.43,51.42,34.24,89.55,100,1,38.8171313424085,191.5687391718824,89.96976470947266,2800000.0,9.7,0.0011352992938905
17-01-2019,66.82,11534.09,71.23,79.76,35.55,75.71,100,1,38.8171313424085,191.5687391718824,89.96976470947266,2800000.0,9.7,0.0011352992938905
18-01-2019,69.31,15746.4,119.85,148.71,24.51,74.45,100,1,38.8171313424085,191.5687391718824,89.96976470947266,2800000.0,9.7,0.0011352992938905
19-01-2019,67.85,12356.02,61.88,83.36,29.33,81.26,100,1,38.8171313424085,191.5687391718824,89.96976470947266,2800000.0,9.7,0.0011352992938905
20-01-2019,67.91,14399.31,103.55,128.73,32.21,85.09,100,1,38.8171313424085,191.5687391718824,89.96976470947266,2800000.0,9.7,0.0011352992938905
21-01-2019,66.04,8122.85,3.23,-4.39,30.83,82.54,100,0,38.8171313424085,191.5687391718824,89.96976470947266,2800000.0,9.7,0.0011352992938905
22-01-2019,68.23,11985.39,88.09,88.16,35.85,60.35,100,1,38.8171313424085,191.5687391718824,89.96976470947266,2800000.0,9.7,0.0011352992938905
23-01-2019,68.41,14624.57,106.25,134.2,35.08,82.05,100,1,38.8171313424085,191.5687391718824,89.96976470947266,2800000.0,9.7,0.0011352992938905
24-01-2019,67.96,11008.29,23.13,51.64,26.92,93.3,100,0,38.8171313424085,191.5687391718824,89.96976470947266,2800000.0,9.7,0.0011352992938905
25-01-2019,69.13,14400.31,108.09,122.44,25.33,92.27,100,1,38.8171313424085,191.5687391718824,89.96976470947266,2800000.0,9.7,0.0011352992938905
26-01-2019,67.66,12384.83,75.55,90.04,35.61,91.0,100,1,38.8171313424085,191.5687391718824,89.96976470947266,2800000.0,9.7,0.0011352992938905
27-01-2019,67.82,11500.68,33.77,60.93,29.71,81.63,100,0,38.8171313424085,191.5687391718824,89.96976470947266,2800000.0,9.7,0.0011352992938905
28-01-2019,67.22,9072.93,3.75,19.98,30.87,93.38,100,0,38.8171313424085,191.5687391718824,89.96976470947266,2800000.0,9.7,0.0011352992938905
29-01-2019,68.13,14149.01,116.35,116.84,32.35,60.71,100,1,38.8171313424085,191.5687391718824,89.96976470947266,2800000.0,9.7,0.0011352992938905
30-01-2019,67.54,11788.14,65.93,83.51,34.13,83.82,100,1,38.8171313424085,191.5687391718824,89.96976470947266,2800000.0,9.7,0.0011352992938905
31-01-2019,67.36,11265.69,51.63,61.83,32.61,63.67,100,1,38.8171313424085,191.5687391718824,89.96976470947266,2800000.0,9.7,0.0011352992938905
01-02-2019,66.81,10935.05,67.19,58.74,33.02,73.6,100,1,38.8171313424085,191.5687391718824,89.96976470947266,2800000.0,9.7,0.0011352992938905
02-02-2019,67.44,13543.13,104.85,111.11,30.65,71.05,100,1,38.8171313424085,191.5687391718824,89.96976470947266,2800000.0,9.7,0.0011352992938905
03-02-2019,66.63,9568.0,31.91,25.2,33.83,94.48,100,0,38.8171313424085,191.5687391718824,89.96976470947266,2800000.0,9.7,0.0011352992938905
04-02-2019,65.82,8518.78,2.17,13.9,28.71,87.05,100,0,38.8171313424085,191.5687391718824,89.96976470947266,2800000.0,9.7,0.0011352992938905
05-02-2019,69.5,14101.16,110.14,128.03,25.43,81.12,100,1,38.8171313424085,191.5687391718824,89.96976470947266,2800000.0,9.7,0.0011352992938905
06-02-2019,68.02,11738.47,54.15,81.47,27.17,81.35,100,1,38.8171313424085,191.5687391718824,89.96976470947266,2800000.0,9.7,0.0011352992938905
07-02-2019,68.28,14601.22,111.24,129.3,33.33,81.87,100,1,38.8171313424085,191.5687391718824,89.96976470947266,2800000.0,9.7,0.0011352992938905
08-02-2019,68.2,12937.0,90.42,103.9,32.9,90.87,100,1,38.8171313424085,191.5687391718824,89.96976470947266,2800000.0,9.7,0.0011352992938905
09-02-2019,66.98,11287.6,57.49,67.0,34.28,81.41,100,1,38.8171313424085,191.5687391718824,89.96976470947266,2800000.0,9.7,0.0011352992938905
10-02-2019,67.77,14451.65,101.33,125.22,28.94,60.64,100,1,38.8171313424085,191.5687391718824,89.96976470947266,2800000.0,9.7,0.0011352992938905
11-02-2019,67.01,10516.87,30.91,50.64,32.84,84.92,100,0,38.8171313424085,191.5687391718824,89.96976470947266,2800000.0,9.7,0.0011352992938905
12-02-2019,66.98,11823.04,46.56,74.01,34.66,90.58,100,1,38.8171313424085,191.5687391718824,89.96976470947266,2800000.0,9.7,0.0011352992938905
13-02-2019,67.69,11243.0,67.24,62.12,31.71,88.23,100,1,38.8171313424085,191.5687391718824,89.96976470947266,2800000.0,9.7,0.0011352992938905
14-02-2019,65.46,9220.55,15.95,15.93,31.49,76.83,100,0,38.8171313424085,191.5687391718824,89.96976470947266,2800000.0,9.7,0.0011352992938905
15-02-2019,68.73,13562.82,94.16,107.3,27.58,78.56,100,1,38.8171313424085,191.5687391718824,89.96976470947266,2800000.0,9.7,0.0011352992938905
16-02-2019,66.61,8895.21,11.71,18.44,25.82,92.32,100,0,38.8171313424085,191.5687391718824,89.96976470947266,2800000.0,9.7,0.0011352992938905
17-02-2019,66.59,8484.52,24.77,15.37,32.1,83.03,100,0,38.8171313424085,191.5687391718824,89.96976470947266,2800000.0,9.7,0.0011352992938905
18-02-2019,67.68,11698.68,53.83,72.84,28.45,67.94,100,1,38.8171313424085,191.5687391718824,89.96976470947266,2800000.0,9.7,0.0011352992938905
19-02-2019,67.22,11345.24,72.41,62.97,29.85,68.48,100,1,38.8171313424085,191.5687391718824,89.96976470947266,2800000.0,9.7,0.0011352992938905
20-02-2019,68.9,13852.11,117.13,111.27,24.16,73.57,100,1,38.8171313424085,191.5687391718824,89.96976470947266,2800000.0,9.7,0.0011352992938905
21-02-2019,67.42,10526.26,26.01,50.86,25.39,79.47,100,0,38.8171313424085,191.5687391718824,89.96976470947266,2800000.0,9.7,0.0011352992938905
22-02-2019,65.64,8089.05,9.06,4.24,35.87,78.8,100,0,38.8171313424085,191.5687391718824,89.96976470947266,2800000.0,9.7,0.0011352992938905
23-02-2019,67.48,10406.68,39.2,55.29,34.16,66.37,100,0,38.8171313424085,191.5687391718824,89.96976470947266,2800000.0,9.7,0.0011352992938905
24-02-2019,68.16,13172.27,102.76,93.59,29.62,85.69,100,1,38.8171313424085,191.5687391718824,89.96976470947266,2800000.0,9.7,0.0011352992938905
25-02-2019,66.46,8188.62,7.42,7.55,27.29,81.72,100,0,38.8171313424085,191.5687391718824,89.96976470947266,2800000.0,9.7,0.0011352992938905
26-02-2019,67.46,12322.42,90.21,92.39,34.67,61.21,100,1,38.8171313424085,191.5687391718824,89.96976470947266,2800000.0,9.7,0.0011352992938905
27-02-2019,67.55,13766.15,102.06,121.12,34.29,82.28,100,1,38.8171313424085,191.5687391718824,89.96976470947266,2800000.0,9.7,0.0011352992938905
28-02-2019,67.9,11633.13,90.58,82.1,31.96,70.85,100,1,38.8171313424085,191.5687391718824,89.96976470947266,2800000.0,9.7,0.0011352992938905
01-03-2019,65.74,8428.67,22.64,13.14,25.25,87.97,100,0,38.8171313424085,191.5687391718824,89.96976470947266,2800000.0,9.7,0.0011352992938905
02-03-2019,66.5,10873.63,50.41,57.34,27.25,82.88,100,1,38.8171313424085,191.5687391718824,89.96976470947266,2800000.0,9.7,0.0011352992938905
03-03-2019,66.42,9714.74,4.34,34.09,32.69,71.71,100,0,38.8171313424085,191.5687391718824,89.96976470947266,2800000.0,9.7,0.0011352992938905
04-03-2019,66.82,9002.32,0.12,21.69,26.13,92.42,100,0,38.8171313424085,191.5687391718824,89.96976470947266,2800000.0,9.7,0.0011352992938905
05-03-2019,65.84,9972.12,17.98,32.02,35.83,84.91,100,0,38.8171313424085,191.5687391718824,89.96976470947266,2800000.0,9.7,0.0011352992938905
06-03-2019,68.4,13288.77,104.76,98.56,33.96,66.57,100,1,38.8171313424085,191.5687391718824,89.96976470947266,2800000.0,9.7,0.0011352992938905
07-03-2019,66.7,9741.45,9.63,35.55,25.52,77.69,100,0,38.8171313424085,191.5687391718824,89.96976470947266,2800000.0,9.7,0.0011352992938905
08-03-2019,66.56,9413.91,1.23,29.67,28.67,78.57,100,0,38.8171313424085,191.5687391718824,89.96976470947266,2800000.0,9.7,0.0011352992938905
09-03-2019,68.34,14291.27,92.12,117.25,29.62,85.57,100,1,38.8171313424085,191.5687391718824,89.96976470947266,2800000.0,9.7,0.0011352992938905
10-03-2019,67.38,10052.61,36.01,39.98,29.89,63.23,100,0,38.8171313424085,191.5687391718824,89.96976470947266,2800000.0,9.7,0.0011352992938905
11-03-2019,65.89,9066.15,14.17,24.64,32.72,74.63,100,0,38.8171313424085,191.5687391718824,89.96976470947266,2800000.0,9.7,0.0011352992938905
12-03-2019,66.79,9931.52,17.93,38.6,30.75,87.76,100,0,38.8171313424085,191.5687391718824,89.96976470947266,2800000.0,9.7,0.0011352992938905
13-03-2019,66.89,11075.38,53.33,62.95,35.13,92.99,100,1,38.8171313424085,191.5687391718824,89.96976470947266,2800000.0,9.7,0.0011352992938905
14-03-2019,66.34,9217.73,14.75,17.94,29.85,70.84,100,0,38.8171313424085,191.5687391718824,89.96976470947266,2800000.0,9.7,0.0011352992938905
15-03-2019,65.68,8523.82,13.71,18.99,30.15,81.29,100,0,38.8171313424085,191.5687391718824,89.96976470947266,2800000.0,9.7,0.0011352992938905
16-03-2019,68.58,13446.89,81.9,110.6,31.14,77.78,100,1,38.8171313424085,191.5687391718824,89.96976470947266,2800000.0,9.7,0.0011352992938905
17-03-2019,67.61,14509.44,97.26,120.42,33.74,61.23,100,1,38.8171313424085,191.5687391718824,89.96976470947266,2800000.0,9.7,0.0011352992938905
18-03-2019,68.28,14348.52,98.9,120.83,28.16,73.1,100,1,38.8171313424085,191.5687391718824,89.96976470947266,2800000.0,9.7,0.0011352992938905
19-03-2019,68.24,14164.19,89.19,115.78,24.7,94.15,100,1,38.8171313424085,191.5687391718824,89.96976470947266,2800000.0,9.7,0.0011352992938905
20-03-2019,65.79,9127.31,4.54,19.76,34.06,84.65,100,0,38.8171313424085,191.5687391718824,89.96976470947266,2800000.0,9.7,0.0011352992938905
21-03-2019,67.99,12361.69,90.69,84.35,34.13,93.8,100,1,38.8171313424085,191.5687391718824,89.96976470947266,2800000.0,9.7,0.0011352992938905
22-03-2019,67.78,11132.27,57.99,62.73,29.55,63.95,100,1,38.8171313424085,191.5687391718824,89.96976470947266,2800000.0,9.7,0.0011352992938905
23-03-2019,67.92,12829.63,95.67,91.46,25.24,84.15,100,1,38.8171313424085,191.5687391718824,89.96976470947266,2800000.0,9.7,0.0011352992938905
24-03-2019,68.8,14685.65,111.49,129.79,32.81,90.94,100,1,38.8171313424085,191.5687391718824,89.96976470947266,2800000.0,9.7,0.0011352992938905
25-03-2019,67.11,10572.31,41.85,43.4,24.37,92.3,100,0,38.8171313424085,191.5687391718824,89.96976470947266,2800000.0,9.7,0.0011352992938905
26-03-2019,68.8,13402.65,90.38,109.02,35.03,89.69,100,1,38.8171313424085,191.5687391718824,89.96976470947266,2800000.0,9.7,0.0011352992938905
27-03-2019,68.41,15237.95,115.27,135.94,33.05,87.48,100,1,38.8171313424085,191.5687391718824,89.96976470947266,2800000.0,9.7,0.0011352992938905
28-03-2019,66.49,9034.25,6.71,24.51,32.37,72.13,100,0,38.8171313424085,191.5687391718824,89.96976470947266,2800000.0,9.7,0.0011352992938905
29-03-2019,68.18,12615.49,89.35,87.5,33.01,85.12,100,1,38.8171313424085,191.5687391718824,89.96976470947266,2800000.0,9.7,0.0011352992938905
30-03-2019,67.85,11068.66,62.0,59.65,27.73,86.98,100,1,38.8171313424085,191.5687391718824,89.96976470947266,2800000.0,9.7,0.0011352992938905
31-03-2019,68.19,11861.04,80.84,83.29,25.31,80.96,100,1,38.8171313424085,191.5687391718824,89.96976470947266,2800000.0,9.7,0.0011352992938905
01-04-2019,67.01,9380.45,7.75,18.42,29.9,79.75,100,0,38.8171313424085,191.5687391718824,89.96976470947266,2800000.0,9.7,0.0011352992938905
02-04-2019,65.6,7976.56,4.72,7.01,35.92,62.65,100,0,38.8171313424085,191.5687391718824,89.96976470947266,2800000.0,9.7,0.0011352992938905
03-04-2019,67.7,11202.72,43.06,61.4,30.53,71.38,100,1,38.8171313424085,191.5687391718824,89.96976470947266,2800000.0,9.7,0.0011352992938905
04-04-2019,67.54,10118.94,34.91,45.37,31.66,88.18,100,0,38.8171313424085,191.5687391718824,89.96976470947266,2800000.0,9.7,0.0011352992938905
05-04-2019,65.65,9365.65,11.5,25.86,33.29,66.15,100,0,38.8171313424085,191.5687391718824,89.96976470947266,2800000.0,9.7,0.0011352992938905
06-04-2019,69.62,14360.14,116.28,131.39,35.55,91.8,100,1,38.8171313424085,191.5687391718824,89.96976470947266,2800000.0,9.7,0.0011352992938905
07-04-2019,67.48,9333.69,19.48,25.12,27.4,94.83,100,0,38.8171313424085,191.5687391718824,89.96976470947266,2800000.0,9.7,0.0011352992938905
08-04-2019,69.16,14368.13,108.69,125.92,29.95,65.74,100,1,38.8171313424085,191.5687391718824,89.96976470947266,2800000.0,9.7,0.0011352992938905
09-04-2019,67.26,12078.9,91.47,83.52,33.49,92.26,100,1,38.8171313424085,191.5687391718824,89.96976470947266,2800000.0,9.7,0.0011352992938905
10-04-2019,66.96,11958.76,55.63,82.8,24.4,73.61,100,1,38.8171313424085,191.5687391718824,89.96976470947266,2800000.0,9.7,0.0011352992938905
11-04-2019,67.67,13837.35,96.79,107.37,27.71,82.71,100,1,38.8171313424085,191.5687391718824,89.96976470947266,2800000.0,9.7,0.0011352992938905
12-04-2019,67.56,11949.12,55.31,70.85,35.93,94.72,100,1,38.8171313424085,191.5687391718824,89.96976470947266,2800000.0,9.7,0.0011352992938905
13-04-2019,67.74,13733.14,104.38,124.56,28.21,64.58,100,1,38.8171313424085,191.5687391718824,89.96976470947266,2800000.0,9.7,0.0011352992938905
14-04-2019,67.78,12224.83,88.63,90.85,30.57,78.16,100,1,38.8171313424085,191.5687391718824,89.96976470947266,2800000.0,9.7,0.0011352992938905
15-04-2019,68.11,14833.98,119.59,141.17,29.68,69.4,100,1,38.8171313424085,191.5687391718824,89.96976470947266,2800000.0,9.7,0.0011352992938905
16-04-2019,67.83,15181.56,119.62,137.04,29.82,89.15,100,1,38.8171313424085,191.5687391718824,89.96976470947266,2800000.0,9.7,0.0011352992938905
17-04-2019,65.96,8489.17,3.96,13.25,31.25,87.15,100,0,38.8171313424085,191.5687391718824,89.96976470947266,2800000.0,9.7,0.0011352992938905
18-04-2019,69.23,14602.07,117.28,123.44,33.44,66.01,100,1,38.8171313424085,191.5687391718824,89.96976470947266,2800000.0,9.7,0.0011352992938905
19-04-2019,67.12,10756.49,47.1,47.14,33.27,62.7,100,0,38.8171313424085,191.5687391718824,89.96976470947266,2800000.0,9.7,0.0011352992938905
20-04-2019,68.21,11491.35,54.95,77.15,33.86,81.45,100,1,38.8171313424085,191.5687391718824,89.96976470947266,2800000.0,9.7,0.0011352992938905
21-04-2019,67.46,11450.8,37.92,60.18,34.4,83.51,100,0,38.8171313424085,191.5687391718824,89.96976470947266,2800000.0,9.7,0.0011352992938905
22-04-2019,68.46,12918.35,96.52,107.92,24.85,69.35,100,1,38.8171313424085,191.5687391718824,89.96976470947266,2800000.0,9.7,0.0011352992938905
23-04-2019,65.96,9755.75,38.18,41.15,32.78,71.72,100,0,38.8171313424085,191.5687391718824,89.96976470947266,2800000.0,9.7,0.0011352992938905
24-04-2019,68.11,12590.59,64.99,92.37,31.53,71.76,100,1,38.8171313424085,191.5687391718824,89.96976470947266,2800000.0,9.7,0.0011352992938905
25-04-2019,66.13,9855.19,4.84,33.35,27.82,68.92,100,0,38.8171313424085,191.5687391718824,89.96976470947266,2800000.0,9.7,0.0011352992938905
26-04-2019,68.65,13878.13,92.46,118.1,24.81,81.26,100,1,38.8171313424085,191.5687391718824,89.96976470947266,2800000.0,9.7,0.0011352992938905
27-04-2019,67.41,11967.8,74.34,89.1,29.37,88.71,100,1,38.8171313424085,191.5687391718824,89.96976470947266,2800000.0,9.7,0.0011352992938905
28-04-2019,66.59,10211.12,36.53,36.04,34.75,84.52,100,0,38.8171313424085,191.5687391718824,89.96976470947266,2800000.0,9.7,0.0011352992938905
29-04-2019,66.98,9757.21,17.37,39.45,25.41,76.33,100,0,38.8171313424085,191.5687391718824,89.96976470947266,2800000.0,9.7,0.0011352992938905
30-04-2019,68.52,12930.08,95.58,91.85,32.22,69.06,100,1,38.8171313424085,191.5687391718824,89.96976470947266,2800000.0,9.7,0.0011352992938905
01-05-2019,68.13,11126.51,65.37,70.8,25.3,60.35,100,1,38.8171313424085,191.5687391718824,89.96976470947266,2800000.0,9.7,0.0011352992938905
02-05-2019,66.66,12011.6,43.8,71.87,30.2,88.48,100,1,38.8171313424085,191.5687391718824,89.96976470947266,2800000.0,9.7,0.0011352992938905
03-05-2019,68.35,12873.45,100.74,95.88,34.48,71.6,100,1,38.8171313424085,191.5687391718824,89.96976470947266,2800000.0,9.7,0.0011352992938905
04-05-2019,67.35,13625.6,104.02,107.0,35.92,93.09,100,1,38.8171313424085,191.5687391718824,89.96976470947266,2800000.0,9.7,0.0011352992938905
05-05-2019,68.56,13741.42,99.46,117.48,26.1,92.46,100,1,38.8171313424085,191.5687391718824,89.96976470947266,2800000.0,9.7,0.0011352992938905
06-05-2019,67.85,10392.99,34.79,54.93,27.89,90.37,100,0,38.8171313424085,191.5687391718824,89.96976470947266,2800000.0,9.7,0.0011352992938905
07-05-2019,67.61,14713.48,98.66,126.46,33.05,88.36,100,1,38.8171313424085,191.5687391718824,89.96976470947266,2800000.0,9.7,0.0011352992938905
08-05-2019,66.12,9193.18,19.96,30.11,33.25,63.95,100,0,38.8171313424085,191.5687391718824,89.96976470947266,2800000.0,9.7,0.0011352992938905
09-05-2019,68.67,14004.19,91.11,111.36,29.22,71.99,100,1,38.8171313424085,191.5687391718824,89.96976470947266,2800000.0,9.7,0.0011352992938905
10-05-2019,66.84,11189.05,38.09,66.65,31.0,84.49,100,1,38.8171313424085,191.5687391718824,89.96976470947266,2800000.0,9.7,0.0011352992938905
11-05-2019,66.18,10323.47,25.04,38.55,30.34,89.42,100,0,38.8171313424085,191.5687391718824,89.96976470947266,2800000.0,9.7,0.0011352992938905
12-05-2019,67.36,12091.97,59.86,83.28,34.65,84.89,100,1,38.8171313424085,191.5687391718824,89.96976470947266,2800000.0,9.7,0.0011352992938905
13-05-2019,68.54,13841.28,104.85,121.24,32.97,93.34,100,1,38.8171313424085,191.5687391718824,89.96976470947266,2800000.0,9.7,0.0011352992938905
14-05-2019,67.38,10535.25,55.74,46.1,28.34,80.15,100,1,38.8171313424085,191.5687391718824,89.96976470947266,2800000.0,9.7,0.0011352992938905
15-05-2019,66.32,9088.41,8.76,20.13,35.45,78.36,100,0,38.8171313424085,191.5687391718824,89.96976470947266,2800000.0,9.7,0.0011352992938905
16-05-2019,66.14,9800.76,20.39,41.02,24.92,91.84,100,0,38.8171313424085,191.5687391718824,89.96976470947266,2800000.0,9.7,0.0011352992938905
17-05-2019,67.44,10046.24,8.05,35.26,32.17,75.96,100,0,38.8171313424085,191.5687391718824,89.96976470947266,2800000.0,9.7,0.0011352992938905
18-05-2019,67.05,8467.7,18.0,15.92,34.51,61.14,100,0,38.8171313424085,191.5687391718824,89.96976470947266,2800000.0,9.7,0.0011352992938905
19-05-2019,65.33,9133.53,5.3,14.79,32.5,60.61,100,0,38.8171313424085,191.5687391718824,89.96976470947266,2800000.0,9.7,0.0011352992938905
20-05-2019,66.76,10611.82,33.66,55.87,28.16,81.17,100,0,38.8171313424085,191.5687391718824,89.96976470947266,2800000.0,9.7,0.0011352992938905
21-05-2019,68.22,13684.6,96.8,122.94,28.35,69.55,100,1,38.8171313424085,191.5687391718824,89.96976470947266,2800000.0,9.7,0.0011352992938905
22-05-2019,68.98,14043.94,110.98,112.86,33.31,93.0,100,1,38.8171313424085,191.5687391718824,89.96976470947266,2800000.0,9.7,0.0011352992938905
23-05-2019,67.02,12301.87,81.65,89.99,33.23,83.14,100,1,38.8171313424085,191.5687391718824,89.96976470947266,2800000.0,9.7,0.0011352992938905
24-05-2019,68.24,11930.02,84.94,84.28,27.86,92.57,100,1,38.8171313424085,191.5687391718824,89.96976470947266,2800000.0,9.7,0.0011352992938905
25-05-2019,66.18,11067.08,62.05,57.51,30.37,68.69,100,1,38.8171313424085,191.5687391718824,89.96976470947266,2800000.0,9.7,0.0011352992938905
26-05-2019,67.1,10256.41,31.56,51.98,29.93,74.35,100,0,38.8171313424085,191.5687391718824,89.96976470947266,2800000.0,9.7,0.0011352992938905
27-05-2019,67.47,13151.0,73.29,95.56,24.31,64.92,100,1,38.8171313424085,191.5687391718824,89.96976470947266,2800000.0,9.7,0.0011352992938905
28-05-2019,67.69,13564.93,102.37,114.94,31.84,74.95,100,1,38.8171313424085,191.5687391718824,89.96976470947266,2800000.0,9.7,0.0011352992938905
29-05-2019,66.89,7751.58,2.63,-2.15,26.94,70.91,100,0,38.8171313424085,191.5687391718824,89.96976470947266,2800000.0,9.7,0.0011352992938905
30-05-2019,67.06,13124.18,106.19,101.56,30.15,94.32,100,1,38.8171313424085,191.5687391718824,89.96976470947266,2800000.0,9.7,0.0011352992938905
31-05-2019,68.68,12760.57,63.45,88.85,33.06,63.8,100,1,38.8171313424085,191.5687391718824,89.96976470947266,2800000.0,9.7,0.0011352992938905
01-06-2019,65.98,9592.4,38.5,39.83,27.62,74.44,100,0,38.8171313424085,191.5687391718824,89.96976470947266,2800000.0,9.7,0.0011352992938905
02-06-2019,67.36,12613.25,78.64,91.02,29.87,77.61,100,1,38.8171313424085,191.5687391718824,89.96976470947266,2800000.0,9.7,0.0011352992938905
03-06-2019,67.38,10306.38,37.03,45.87,34.64,66.5,100,0,38.8171313424085,191.5687391718824,89.96976470947266,2800000.0,9.7,0.0011352992938905
04-06-2019,66.98,10658.82,30.36,57.23,24.73,93.44,100,0,38.8171313424085,191.5687391718824,89.96976470947266,2800000.0,9.7,0.0011352992938905
05-06-2019,66.63,8821.07,17.12,10.95,35.72,85.13,100,0,38.8171313424085,191.5687391718824,89.96976470947266,2800000.0,9.7,0.0011352992938905
06-06-2019,67.6,12211.45,89.71,92.94,32.94,64.37,100,1,38.8171313424085,191.5687391718824,89.96976470947266,2800000.0,9.7,0.0011352992938905
07-06-2019,67.48,13435.73,110.31,103.68,32.84,82.86,100,1,38.8171313424085,191.5687391718824,89.96976470947266,2800000.0,9.7,0.0011352992938905
08-06-2019,68.17,14278.1,106.29,119.29,32.05,63.01,100,1,38.8171313424085,191.5687391718824,89.96976470947266,2800000.0,9.7,0.0011352992938905
09-06-2019,67.03,10921.58,23.2,51.21,25.94,80.6,100,0,38.8171313424085,191.5687391718824,89.96976470947266,2800000.0,9.7,0.0011352992938905
10-06-2019,67.37,9575.62,24.38,38.65,30.55,61.44,100,0,38.8171313424085,191.5687391718824,89.96976470947266,2800000.0,9.7,0.0011352992938905
11-06-2019,67.27,9825.61,27.9,33.39,28.69,62.86,100,0,38.8171313424085,191.5687391718824,89.96976470947266,2800000.0,9.7,0.0011352992938905
12-06-2019,67.99,12732.65,75.1,86.21,31.83,62.4,100,1,38.8171313424085,191.5687391718824,89.96976470947266,2800000.0,9.7,0.0011352992938905
13-06-2019,67.94,14091.03,116.65,114.71,24.55,70.08,100,1,38.8171313424085,191.5687391718824,89.96976470947266,2800000.0,9.7,0.0011352992938905
14-06-2019,66.02,9888.98,26.27,43.38,26.02,65.33,100,0,38.8171313424085,191.5687391718824,89.96976470947266,2800000.0,9.7,0.0011352992938905
15-06-2019,66.93,8784.7,5.87,14.69,32.75,66.74,100,0,38.8171313424085,191.5687391718824,89.96976470947266,2800000.0,9.7,0.0011352992938905
16-06-2019,66.92,9360.72,11.18,17.28,28.06,68.51,100,0,38.8171313424085,191.5687391718824,89.96976470947266,2800000.0,9.7,0.0011352992938905
17-06-2019,67.58,13734.12,105.65,108.95,32.93,80.41,100,1,38.8171313424085,191.5687391718824,89.96976470947266,2800000.0,9.7,0.0011352992938905
18-06-2019,66.44,11256.83,53.06,69.09,27.31,94.91,100,1,38.8171313424085,191.5687391718824,89.96976470947266,2800000.0,9.7,0.0011352992938905
19-06-2019,67.01,10014.0,48.13,40.74,33.66,82.8,100,0,38.8171313424085,191.5687391718824,89.96976470947266,2800000.0,9.7,0.0011352992938905
20-06-2019,66.97,11716.08,52.07,79.64,32.48,66.83,100,1,38.8171313424085,191.5687391718824,89.96976470947266,2800000.0,9.7,0.0011352992938905
21-06-2019,68.13,12903.44,74.91,90.02,29.03,85.15,100,1,38.8171313424085,191.5687391718824,89.96976470947266,2800000.0,9.7,0.0011352992938905
22-06-2019,67.98,15014.66,118.57,139.78,35.21,60.27,100,1,38.8171313424085,191.5687391718824,89.96976470947266,2800000.0,9.7,0.0011352992938905
23-06-2019,66.74,10043.88,30.26,37.36,29.04,79.52,100,0,38.8171313424085,191.5687391718824,89.96976470947266,2800000.0,9.7,0.0011352992938905
24-06-2019,67.74,10810.36,64.37,55.57,34.13,64.46,100,1,38.8171313424085,191.5687391718824,89.96976470947266,2800000.0,9.7,0.0011352992938905
25-06-2019,67.66,13017.27,85.08,98.93,33.94,77.98,100,1,38.8171313424085,191.5687391718824,89.96976470947266,2800000.0,9.7,0.0011352992938905
26-06-2019,69.1,14187.94,117.87,130.53,33.17,70.06,100,1,38.8171313424085,191.5687391718824,89.96976470947266,2800000.0,9.7,0.0011352992938905
27-06-2019,67.56,11437.81,51.12,75.39,28.25,93.82,100,1,38.8171313424085,191.5687391718824,89.96976470947266,2800000.0,9.7,0.0011352992938905
28-06-2019,67.44,13767.37,91.58,116.12,31.49,73.37,100,1,38.8171313424085,191.5687391718824,89.96976470947266,2800000.0,9.7,0.0011352992938905
29-06-2019,68.87,13281.68,86.45,106.88,32.61,64.76,100,1,38.8171313424085,191.5687391718824,89.96976470947266,2800000.0,9.7,0.0011352992938905
30-06-2019,67.04,9071.86,25.21,26.65,26.98,91.5,100,0,38.8171313424085,191.5687391718824,89.96976470947266,2800000.0,9.7,0.0011352992938905
01-07-2019,66.69,8682.01,3.06,23.1,28.82,85.43,100,0,38.8171313424085,191.5687391718824,89.96976470947266,2800000.0,9.7,0.0011352992938905
02-07-2019,67.86,10802.22,63.14,65.38,30.93,79.64,100,1,38.8171313424085,191.5687391718824,89.96976470947266,2800000.0,9.7,0.0011352992938905
03-07-2019,67.62,13304.16,99.39,105.97,34.43,89.37,100,1,38.8171313424085,191.5687391718824,89.96976470947266,2800000.0,9.7,0.0011352992938905
04-07-2019,68.65,12182.52,89.27,90.0,28.04,77.68,100,1,38.8171313424085,191.5687391718824,89.96976470947266,2800000.0,9.7,0.0011352992938905
05-07-2019,69.15,14618.49,117.21,130.04,27.6,87.65,100,1,38.8171313424085,191.5687391718824,89.96976470947266,2800000.0,9.7,0.0011352992938905
06-07-2019,67.34,13916.67,90.28,112.91,24.26,72.9,100,1,38.8171313424085,191.5687391718824,89.96976470947266,2800000.0,9.7,0.0011352992938905
07-07-2019,68.17,12607.07,87.91,87.06,24.84,79.75,100,1,38.8171313424085,191.5687391718824,89.96976470947266,2800000.0,9.7,0.0011352992938905
08-07-2019,65.87,8891.39,5.18,14.66,31.07,88.78,100,0,38.8171313424085,191.5687391718824,89.96976470947266,2800000.0,9.7,0.0011352992938905
09-07-2019,67.71,12993.41,75.62,92.6,27.26,85.43,100,1,38.8171313424085,191.5687391718824,89.96976470947266,2800000.0,9.7,0.0011352992938905
10-07-2019,67.1,10431.89,63.89,56.88,29.24,87.04,100,1,38.8171313424085,191.5687391718824,89.96976470947266,2800000.0,9.7,0.0011352992938905
11-07-2019,67.33,10551.47,44.67,52.7,35.76,69.4,100,0,38.8171313424085,191.5687391718824,89.96976470947266,2800000.0,9.7,0.0011352992938905
12-07-2019,65.89,9492.29,15.32,30.78,25.71,60.66,100,0,38.8171313424085,191.5687391718824,89.96976470947266,2800000.0,9.7,0.0011352992938905
13-07-2019,67.17,10917.3,51.85,58.3,34.24,69.65,100,1,38.8171313424085,191.5687391718824,89.96976470947266,2800000.0,9.7,0.0011352992938905
14-07-2019,67.7,10052.52,23.35,41.27,35.5,81.9,100,0,38.8171313424085,191.5687391718824,89.96976470947266,2800000.0,9.7,0.0011352992938905
15-07-2019,67.25,10947.19,28.51,50.4,29.71,64.91,100,0,38.8171313424085,191.5687391718824,89.96976470947266,2800000.0,9.7,0.0011352992938905
16-07-2019,66.17,9516.45,16.05,26.93,28.87,89.9,100,0,38.8171313424085,191.5687391718824,89.96976470947266,2800000.0,9.7,0.0011352992938905
17-07-2019,67.54,9533.03,33.4,28.05,25.83,90.57,100,0,38.8171313424085,191.5687391718824,89.96976470947266,2800000.0,9.7,0.0011352992938905
18-07-2019,66.6,11312.45,67.62,57.98,31.93,69.71,100,1,38.8171313424085,191.5687391718824,89.96976470947266,2800000.0,9.7,0.0011352992938905
19-07-2019,67.83,11404.63,72.11,76.8,28.09,89.24,100,1,38.8171313424085,191.5687391718824,89.96976470947266,2800000.0,9.7,0.0011352992938905
20-07-2019,67.02,9465.54,29.89,30.26,32.88,84.61,100,0,38.8171313424085,191.5687391718824,89.96976470947266,2800000.0,9.7,0.0011352992938905
21-07-2019,66.33,9292.51,27.88,34.5,29.93,73.26,100,0,38.8171313424085,191.5687391718824,89.96976470947266,2800000.0,9.7,0.0011352992938905
22-07-2019,67.77,12314.22,83.5,83.51,34.02,84.82,100,1,38.8171313424085,191.5687391718824,89.96976470947266,2800000.0,9.7,0.0011352992938905
23-07-2019,66.96,9917.85,28.39,44.88,31.76,63.44,100,0,38.8171313424085,191.5687391718824,89.96976470947266,2800000.0,9.7,0.0011352992938905
24-07-2019,67.31,13515.62,96.31,103.42,24.84,94.18,100,1,38.8171313424085,191.5687391718824,89.96976470947266,2800000.0,9.7,0.0011352992938905
25-07-2019,66.54,10624.65,32.35,49.33,34.85,91.55,100,0,38.8171313424085,191.5687391718824,89.96976470947266,2800000.0,9.7,0.0011352992938905
26-07-2019,66.36,8707.22,13.68,12.33,32.45,93.44,100,0,38.8171313424085,191.5687391718824,89.96976470947266,2800000.0,9.7,0.0011352992938905
27-07-2019,65.72,9352.41,32.87,35.08,24.98,76.38,100,0,38.8171313424085,191.5687391718824,89.96976470947266,2800000.0,9.7,0.0011352992938905
28-07-2019,67.82,11549.03,56.35,73.42,27.84,70.15,100,1,38.8171313424085,191.5687391718824,89.96976470947266,2800000.0,9.7,0.0011352992938905
29-07-2019,67.47,13089.05,88.72,108.2,28.17,90.75,100,1,38.8171313424085,191.5687391718824,89.96976470947266,2800000.0,9.7,0.0011352992938905
30-07-2019,66.49,7605.11,1.64,-3.96,29.64,77.91,100,0,38.8171313424085,191.5687391718824,89.96976470947266,2800000.0,9.7,0.0011352992938905
31-07-2019,68.72,14151.88,118.45,123.83,29.64,68.37,100,1,38.8171313424085,191.5687391718824,89.96976470947266,2800000.0,9.7,0.0011352992938905
01-08-2019,67.71,11322.78,51.34,64.89,34.26,79.24,100,1,38.8171313424085,191.5687391718824,89.96976470947266,2800000.0,9.7,0.0011352992938905
02-08-2019,66.38,9289.69,20.39,34.34,33.52,90.23,100,0,38.8171313424085,191.5687391718824,89.96976470947266,2800000.0,9.7,0.0011352992938905
03-08-2019,67.27,9594.61,27.17,38.81,34.95,63.15,100,0,38.8171313424085,191.5687391718824,89.96976470947266,2800000.0,9.7,0.0011352992938905
04-08-2019,67.95,10852.17,57.46,53.29,26.87,66.14,100,1,38.8171313424085,191.5687391718824,89.96976470947266,2800000.0,9.7,0.0011352992938905
05-08-2019,65.28,8211.31,6.58,-0.4,25.2,91.44,100,0,38.8171313424085,191.5687391718824,89.96976470947266,2800000.0,9.7,0.0011352992938905
06-08-2019,68.09,13163.64,96.01,100.6,33.39,62.2,100,1,38.8171313424085,191.5687391718824,89.96976470947266,2800000.0,9.7,0.0011352992938905
07-08-2019,67.23,11795.1,76.23,80.06,33.74,76.76,100,1,38.8171313424085,191.5687391718824,89.96976470947266,2800000.0,9.7,0.0011352992938905
08-08-2019,67.28,9068.15,24.11,19.82,28.46,82.99,100,0,38.8171313424085,191.5687391718824,89.96976470947266,2800000.0,9.7,0.0011352992938905
09-08-2019,66.94,11890.35,61.0,82.25,34.5,93.41,100,1,38.8171313424085,191.5687391718824,89.96976470947266,2800000.0,9.7,0.0011352992938905
10-08-2019,67.1,11213.34,43.95,64.57,24.19,79.09,100,1,38.8171313424085,191.5687391718824,89.96976470947266,2800000.0,9.7,0.0011352992938905
11-08-2019,65.39,8287.77,3.8,15.68,25.58,81.06,100,0,38.8171313424085,191.5687391718824,89.96976470947266,2800000.0,9.7,0.0011352992938905
12-08-2019,65.98,10189.05,19.73,46.93,32.95,83.18,100,0,38.8171313424085,191.5687391718824,89.96976470947266,2800000.0,9.7,0.0011352992938905
13-08-2019,67.4,10077.58,11.05,31.76,27.31,88.57,100,0,38.8171313424085,191.5687391718824,89.96976470947266,2800000.0,9.7,0.0011352992938905
14-08-2019,67.77,12223.78,87.96,81.12,33.84,74.11,100,1,38.8171313424085,191.5687391718824,89.96976470947266,2800000.0,9.7,0.0011352992938905
15-08-2019,67.97,12699.39,75.08,86.56,27.26,66.21,100,1,38.8171313424085,191.5687391718824,89.96976470947266,2800000.0,9.7,0.0011352992938905
16-08-2019,66.68,11980.24,59.02,78.61,34.32,93.17,100,1,38.8171313424085,191.5687391718824,89.96976470947266,2800000.0,9.7,0.0011352992938905
17-08-2019,67.07,10985.19,54.29,62.96,29.32,70.19,100,1,38.8171313424085,191.5687391718824,89.96976470947266,2800000.0,9.7,0.0011352992938905
18-08-2019,68.86,14512.01,116.83,121.67,30.07,69.41,100,1,38.8171313424085,191.5687391718824,89.96976470947266,2800000.0,9.7,0.0011352992938905
19-08-2019,67.93,12654.64,76.27,91.47,32.37,83.21,100,1,38.8171313424085,191.5687391718824,89.96976470947266,2800000.0,9.7,0.0011352992938905
20-08-2019,67.83,12401.6,94.51,88.12,27.42,90.57,100,1,38.8171313424085,191.5687391718824,89.96976470947266,2800000.0,9.7,0.0011352992938905
21-08-2019,67.74,10441.27,33.58,39.84,28.34,80.25,100,0,38.8171313424085,191.5687391718824,89.96976470947266,2800000.0,9.7,0.0011352992938905
22-08-2019,69.59,15479.34,119.38,141.48,25.84,73.59,100,1,38.8171313424085,191.5687391718824,89.96976470947266,2800000.0,9.7,0.0011352992938905
23-08-2019,68.16,13558.6,110.15,115.8,33.48,94.61,100,1,38.8171313424085,191.5687391718824,89.96976470947266,2800000.0,9.7,0.0011352992938905
24-08-2019,66.61,8878.01,11.11,11.71,24.02,85.43,100,0,38.8171313424085,191.5687391718824,89.96976470947266,2800000.0,9.7,0.0011352992938905
25-08-2019,68.25,14659.18,112.21,131.23,29.38,88.55,100,1,38.8171313424085,191.5687391718824,89.96976470947266,2800000.0,9.7,0.0011352992938905
26-08-2019,66.53,10395.14,43.99,53.34,28.32,82.06,100,0,38.8171313424085,191.5687391718824,89.96976470947266,2800000.0,9.7,0.0011352992938905
27-08-2019,66.03,10089.33,54.97,47.99,31.88,65.43,100,1,38.8171313424085,191.5687391718824,89.96976470947266,2800000.0,9.7,0.0011352992938905
28-08-2019,67.51,9750.8,27.93,33.74,29.21,81.51,100,0,38.8171313424085,191.5687391718824,89.96976470947266,2800000.0,9.7,0.0011352992938905
29-08-2019,66.15,8633.15,8.68,7.88,32.89,68.58,100,0,38.8171313424085,191.5687391718824,89.96976470947266,2800000.0,9.7,0.0011352992938905
30-08-2019,67.64,10533.06,54.9,52.43,25.59,61.91,100,1,38.8171313424085,191.5687391718824,89.96976470947266,2800000.0,9.7,0.0011352992938905
31-08-2019,66.84,9286.57,19.18,19.34,25.28,90.33,100,0,38.8171313424085,191.5687391718824,89.96976470947266,2800000.0,9.7,0.0011352992938905
01-09-2019,67.58,10952.71,31.57,49.6,27.39,64.73,100,0,38.8171313424085,191.5687391718824,89.96976470947266,2800000.0,9.7,0.0011352992938905
02-09-2019,67.45,10564.81,25.81,46.78,28.24,65.03,100,0,38.8171313424085,191.5687391718824,89.96976470947266,2800000.0,9.7,0.0011352992938905
03-09-2019,67.63,11361.26,54.36,61.69,33.86,83.88,100,1,38.8171313424085,191.5687391718824,89.96976470947266,2800000.0,9.7,0.0011352992938905
04-09-2019,66.86,11559.84,62.0,79.35,32.26,90.57,100,1,38.8171313424085,191.5687391718824,89.96976470947266,2800000.0,9.7,0.0011352992938905
05-09-2019,67.4,11368.34,55.69,69.33,28.14,93.29,100,1,38.8171313424085,191.5687391718824,89.96976470947266,2800000.0,9.7,0.0011352992938905
06-09-2019,67.76,13475.88,97.32,117.14,25.29,89.65,100,1,38.8171313424085,191.5687391718824,89.96976470947266,2800000.0,9.7,0.0011352992938905
07-09-2019,67.88,10523.64,21.88,50.3,31.2,94.45,100,0,38.8171313424085,191.5687391718824,89.96976470947266,2800000.0,9.7,0.0011352992938905
08-09-2019,68.43,13783.36,105.74,122.49,24.1,90.79,100,1,38.8171313424085,191.5687391718824,89.96976470947266,2800000.0,9.7,0.0011352992938905
09-09-2019,67.56,12633.59,101.57,96.6,29.84,77.38,100,1,38.8171313424085,191.5687391718824,89.96976470947266,2800000.0,9.7,0.0011352992938905
10-09-2019,67.12,10215.96,44.61,53.09,25.98,94.24,100,0,38.8171313424085,191.5687391718824,89.96976470947266,2800000.0,9.7,0.0011352992938905
11-09-2019,65.5,9220.25,16.11,19.04,32.11,85.75,100,0,38.8171313424085,191.5687391718824,89.96976470947266,2800000.0,9.7,0.0011352992938905
12-09-2019,67.27,11115.93,60.9,58.53,25.48,85.17,100,1,38.8171313424085,191.5687391718824,89.96976470947266,2800000.0,9.7,0.0011352992938905
13-09-2019,66.89,11151.53,51.84,60.37,33.32,92.38,100,1,38.8171313424085,191.5687391718824,89.96976470947266,2800000.0,9.7,0.0011352992938905
14-09-2019,67.89,11013.36,36.5,55.18,24.46,61.79,100,0,38.8171313424085,191.5687391718824,89.96976470947266,2800000.0,9.7,0.0011352992938905
15-09-2019,66.86,10363.83,53.78,47.9,28.4,88.28,100,1,38.8171313424085,191.5687391718824,89.96976470947266,2800000.0,9.7,0.0011352992938905
16-09-2019,67.23,10980.93,28.23,53.98,26.11,91.4,100,0,38.8171313424085,191.5687391718824,89.96976470947266,2800000.0,9.7,0.0011352992938905
17-09-2019,67.46,11329.34,63.39,61.55,32.6,78.37,100,1,38.8171313424085,191.5687391718824,89.96976470947266,2800000.0,9.7,0.0011352992938905
18-09-2019,67.67,11796.48,63.55,82.53,25.28,89.29,100,1,38.8171313424085,191.5687391718824,89.96976470947266,2800000.0,9.7,0.0011352992938905
19-09-2019,68.39,11632.25,47.64,76.87,33.14,77.79,100,1,38.8171313424085,191.5687391718824,89.96976470947266,2800000.0,9.7,0.0011352992938905
20-09-2019,68.28,13238.17,107.76,110.49,26.84,77.43,100,1,38.8171313424085,191.5687391718824,89.96976470947266,2800000.0,9.7,0.0011352992938905
21-09-2019,66.88,11051.78,77.76,70.09,34.58,75.23,100,1,38.8171313424085,191.5687391718824,89.96976470947266,2800000.0,9.7,0.0011352992938905
22-09-2019,66.71,9681.4,28.57,24.48,29.75,79.12,100,0,38.8171313424085,191.5687391718824,89.96976470947266,2800000.0,9.7,0.0011352992938905
23-09-2019,67.22,8892.44,26.93,27.37,29.1,91.48,100,0,38.8171313424085,191.5687391718824,89.96976470947266,2800000.0,9.7,0.0011352992938905
24-09-2019,66.04,9798.84,49.69,41.05,35.41,62.26,100,0,38.8171313424085,191.5687391718824,89.96976470947266,2800000.0,9.7,0.0011352992938905
25-09-2019,68.55,12557.51,94.43,98.1,26.73,80.67,100,1,38.8171313424085,191.5687391718824,89.96976470947266,2800000.0,9.7,0.0011352992938905
26-09-2019,68.55,15218.64,118.03,143.73,24.32,68.03,100,1,38.8171313424085,191.5687391718824,89.96976470947266,2800000.0,9.7,0.0011352992938905
27-09-2019,66.77,9437.64,4.21,29.67,24.38,79.59,100,0,38.8171313424085,191.5687391718824,89.96976470947266,2800000.0,9.7,0.0011352992938905
28-09-2019,67.87,14030.56,112.7,120.56,31.73,88.74,100,1,38.8171313424085,191.5687391718824,89.96976470947266,2800000.0,9.7,0.0011352992938905
29-09-2019,68.49,11557.31,80.03,76.79,28.85,93.55,100,1,38.8171313424085,191.5687391718824,89.96976470947266,2800000.0,9.7,0.0011352992938905
30-09-2019,68.1,11087.45,65.35,69.61,29.04,82.95,100,1,38.8171313424085,191.5687391718824,89.96976470947266,2800000.0,9.7,0.0011352992938905
01-10-2019,68.15,11245.01,69.35,61.46,35.07,65.22,100,1,38.8171313424085,191.5687391718824,89.96976470947266,2800000.0,9.7,0.0011352992938905
02-10-2019,67.68,14724.6,108.6,126.57,26.05,88.35,100,1,38.8171313424085,191.5687391718824,89.96976470947266,2800000.0,9.7,0.0011352992938905
03-10-2019,67.71,12604.44,89.95,89.15,34.36,83.3,100,1,38.8171313424085,191.5687391718824,89.96976470947266,2800000.0,9.7,0.0011352992938905
04-10-2019,66.12,8978.49,26.66,17.79,32.66,80.04,100,0,38.8171313424085,191.5687391718824,89.96976470947266,2800000.0,9.7,0.0011352992938905
05-10-2019,66.35,10467.38,52.16,45.13,25.18,64.65,100,0,38.8171313424085,191.5687391718824,89.96976470947266,2800000.0,9.7,0.0011352992938905
06-10-2019,66.01,8360.01,20.64,11.31,33.2,86.69,100,0,38.8171313424085,191.5687391718824,89.96976470947266,2800000.0,9.7,0.0011352992938905
07-10-2019,67.26,10430.44,29.52,48.82,31.69,86.9,100,0,38.8171313424085,191.5687391718824,89.96976470947266,2800000.0,9.7,0.0011352992938905
08-10-2019,66.63,10140.87,21.78,44.24,28.97,61.98,100,0,38.8171313424085,191.5687391718824,89.96976470947266,2800000.0,9.7,0.0011352992938905
09-10-2019,66.05,9149.9,28.41,32.97,26.7,62.45,100,0,38.8171313424085,191.5687391718824,89.96976470947266,2800000.0,9.7,0.0011352992938905
10-10-2019,67.24,11772.45,69.49,65.78,35.09,78.21,100,1,38.8171313424085,191.5687391718824,89.96976470947266,2800000.0,9.7,0.0011352992938905
11-10-2019,66.42,9254.87,14.13,31.96,35.36,69.12,100,0,38.8171313424085,191.5687391718824,89.96976470947266,2800000.0,9.7,0.0011352992938905
12-10-2019,69.12,14319.38,89.55,119.39,35.32,92.81,100,1,38.8171313424085,191.5687391718824,89.96976470947266,2800000.0,9.7,0.0011352992938905
13-10-2019,67.38,11137.13,31.77,53.93,28.53,88.59,100,0,38.8171313424085,191.5687391718824,89.96976470947266,2800000.0,9.7,0.0011352992938905
14-10-2019,68.09,14060.59,118.44,123.96,31.71,91.53,100,1,38.8171313424085,191.5687391718824,89.96976470947266,2800000.0,9.7,0.0011352992938905
15-10-2019,67.77,14552.48,119.3,125.32,32.1,81.68,100,1,38.8171313424085,191.5687391718824,89.96976470947266,2800000.0,9.7,0.0011352992938905
16-10-2019,67.73,13943.38,107.12,109.27,26.79,84.17,100,1,38.8171313424085,191.5687391718824,89.96976470947266,2800000.0,9.7,0.0011352992938905
17-10-2019,66.64,11105.34,53.3,52.27,31.44,63.54,100,1,38.8171313424085,191.5687391718824,89.96976470947266,2800000.0,9.7,0.0011352992938905
18-10-2019,66.26,8936.74,8.7,25.17,29.82,63.03,100,0,38.8171313424085,191.5687391718824,89.96976470947266,2800000.0,9.7,0.0011352992938905
19-10-2019,66.2,8724.58,16.99,15.74,35.87,71.8,100,0,38.8171313424085,191.5687391718824,89.96976470947266,2800000.0,9.7,0.0011352992938905
20-10-2019,67.29,12975.68,86.69,99.55,31.05,78.96,100,1,38.8171313424085,191.5687391718824,89.96976470947266,2800000.0,9.7,0.0011352992938905
21-10-2019,67.63,14491.04,111.01,127.1,34.05,70.0,100,1,38.8171313424085,191.5687391718824,89.96976470947266,2800000.0,9.7,0.0011352992938905
22-10-2019,65.72,9491.78,10.32,21.03,26.59,91.9,100,0,38.8171313424085,191.5687391718824,89.96976470947266,2800000.0,9.7,0.0011352992938905
23-10-2019,66.89,9003.75,24.94,25.22,34.41,88.83,100,0,38.8171313424085,191.5687391718824,89.96976470947266,2800000.0,9.7,0.0011352992938905
24-10-2019,66.47,9654.94,44.07,34.89,32.46,82.77,100,0,38.8171313424085,191.5687391718824,89.96976470947266,2800000.0,9.7,0.0011352992938905
25-10-2019,65.95,10052.81,36.71,37.98,30.1,77.5,100,0,38.8171313424085,191.5687391718824,89.96976470947266,2800000.0,9.7,0.0011352992938905
26-10-2019,68.48,13831.55,97.24,119.2,35.43,83.41,100,1,38.8171313424085,191.5687391718824,89.96976470947266,2800000.0,9.7,0.0011352992938905
27-10-2019,68.19,12255.78,90.46,92.59,29.5,67.55,100,1,38.8171313424085,191.5687391718824,89.96976470947266,2800000.0,9.7,0.0011352992938905
28-10-2019,67.31,10156.04,42.04,36.72,32.19,70.94,100,0,38.8171313424085,191.5687391718824,89.96976470947266,2800000.0,9.7,0.0011352992938905
29-10-2019,67.62,10864.65,67.95,62.0,35.78,67.1,100,1,38.8171313424085,191.5687391718824,89.96976470947266,2800000.0,9.7,0.0011352992938905
30-10-2019,67.29,9003.37,13.73,21.05,26.14,66.16,100,0,38.8171313424085,191.5687391718824,89.96976470947266,2800000.0,9.7,0.0011352992938905
31-10-2019,66.97,9318.64,28.14,18.14,27.9,62.75,100,0,38.8171313424085,191.5687391718824,89.96976470947266,2800000.0,9.7,0.0011352992938905
01-11-2019,66.05,8871.68,0.36,9.56,28.29,82.57,100,0,38.8171313424085,191.5687391718824,89.96976470947266,2800000.0,9.7,0.0011352992938905
02-11-2019,67.47,9707.28,12.19,31.41,26.29,78.78,100,0,38.8171313424085,191.5687391718824,89.96976470947266,2800000.0,9.7,0.0011352992938905
03-11-2019,67.45,12119.0,62.23,86.63,24.27,72.31,100,1,38.8171313424085,191.5687391718824,89.96976470947266,2800000.0,9.7,0.0011352992938905
04-11-2019,68.52,14747.96,107.98,128.51,28.36,94.4,100,1,38.8171313424085,191.5687391718824,89.96976470947266,2800000.0,9.7,0.0011352992938905
05-11-2019,68.3,11113.51,39.17,65.58,31.76,77.71,100,1,38.8171313424085,191.5687391718824,89.96976470947266,2800000.0,9.7,0.0011352992938905
06-11-2019,68.62,13316.15,76.26,97.38,35.61,75.13,100,1,38.8171313424085,191.5687391718824,89.96976470947266,2800000.0,9.7,0.0011352992938905
07-11-2019,67.0,9397.78,31.22,25.34,25.48,62.22,100,0,38.8171313424085,191.5687391718824,89.96976470947266,2800000.0,9.7,0.0011352992938905
08-11-2019,67.46,12968.77,81.12,90.75,27.32,62.22,100,1,38.8171313424085,191.5687391718824,89.96976470947266,2800000.0,9.7,0.0011352992938905
09-11-2019,67.93,12397.75,63.66,83.87,29.5,62.98,100,1,38.8171313424085,191.5687391718824,89.96976470947266,2800000.0,9.7,0.0011352992938905
10-11-2019,68.61,14615.53,98.83,124.8,30.25,80.09,100,1,38.8171313424085,191.5687391718824,89.96976470947266,2800000.0,9.7,0.0011352992938905
11-11-2019,66.85,10977.72,56.19,68.64,29.63,66.18,100,1,38.8171313424085,191.5687391718824,89.96976470947266,2800000.0,9.7,0.0011352992938905
12-11-2019,65.67,7750.63,6.7,1.6,34.17,90.11,100,0,38.8171313424085,191.5687391718824,89.96976470947266,2800000.0,9.7,0.0011352992938905
13-11-2019,66.82,12150.3,79.8,83.14,31.85,74.97,100,1,38.8171313424085,191.5687391718824,89.96976470947266,2800000.0,9.7,0.0011352992938905
14-11-2019,68.27,13529.31,78.86,108.09,24.06,83.4,100,1,38.8171313424085,191.5687391718824,89.96976470947266,2800000.0,9.7,0.0011352992938905
15-11-2019,65.44,8483.88,3.47,18.37,31.19,87.31,100,0,38.8171313424085,191.5687391718824,89.96976470947266,2800000.0,9.7,0.0011352992938905
16-11-2019,66.58,10063.27,29.19,38.88,30.01,84.72,100,0,38.8171313424085,191.5687391718824,89.96976470947266,2800000.0,9.7,0.0011352992938905
17-11-2019,67.94,11862.85,84.48,78.17,29.1,84.9,100,1,38.8171313424085,191.5687391718824,89.96976470947266,2800000.0,9.7,0.0011352992938905
18-11-2019,66.45,8996.77,28.39,24.0,26.7,73.5,100,0,38.8171313424085,191.5687391718824,89.96976470947266,2800000.0,9.7,0.0011352992938905
19-11-2019,66.92,10857.09,25.74,51.32,31.64,93.24,100,0,38.8171313424085,191.5687391718824,89.96976470947266,2800000.0,9.7,0.0011352992938905
20-11-2019,65.3,8159.17,1.13,-0.84,32.05,70.46,100,0,38.8171313424085,191.5687391718824,89.96976470947266,2800000.0,9.7,0.0011352992938905
21-11-2019,69.19,14662.22,109.94,136.46,26.8,85.43,100,1,38.8171313424085,191.5687391718824,89.96976470947266,2800000.0,9.7,0.0011352992938905
22-11-2019,65.75,9497.48,10.1,33.32,33.16,75.1,100,0,38.8171313424085,191.5687391718824,89.96976470947266,2800000.0,9.7,0.0011352992938905
23-11-2019,66.0,10075.01,53.78,47.32,27.58,78.32,100,1,38.8171313424085,191.5687391718824,89.96976470947266,2800000.0,9.7,0.0011352992938905
24-11-2019,68.43,13439.73,113.0,116.4,26.34,61.83,100,1,38.8171313424085,191.5687391718824,89.96976470947266,2800000.0,9.7,0.0011352992938905
25-11-2019,68.47,11717.49,65.65,82.18,24.22,66.33,100,1,38.8171313424085,191.5687391718824,89.96976470947266,2800000.0,9.7,0.0011352992938905
26-11-2019,68.23,14682.69,109.1,135.04,29.55,79.65,100,1,38.8171313424085,191.5687391718824,89.96976470947266,2800000.0,9.7,0.0011352992938905
27-11-2019,67.98,11862.91,50.66,78.65,25.81,69.46,100,1,38.8171313424085,191.5687391718824,89.96976470947266,2800000.0,9.7,0.0011352992938905
28-11-2019,68.07,13583.61,102.95,108.99,25.06,71.08,100,1,38.8171313424085,191.5687391718824,89.96976470947266,2800000.0,9.7,0.0011352992938905
29-11-2019,67.71,13318.89,78.56,106.55,35.9,78.36,100,1,38.8171313424085,191.5687391718824,89.96976470947266,2800000.0,9.7,0.0011352992938905
30-11-2019,67.2,12613.5,69.21,84.12,30.95,90.38,100,1,38.8171313424085,191.5687391718824,89.96976470947266,2800000.0,9.7,0.0011352992938905
01-12-2019,66.87,9488.18,5.03,30.91,32.06,62.67,100,0,38.8171313424085,191.5687391718824,89.96976470947266,2800000.0,9.7,0.0011352992938905
02-12-2019,66.09,10581.23,51.84,48.31,32.44,76.77,100,1,38.8171313424085,191.5687391718824,89.96976470947266,2800000.0,9.7,0.0011352992938905
03-12-2019,68.88,12567.94,78.73,100.0,25.01,83.01,100,1,38.8171313424085,191.5687391718824,89.96976470947266,2800000.0,9.7,0.0011352992938905
04-12-2019,67.12,10618.18,52.35,47.68,26.14,86.31,100,1,38.8171313424085,191.5687391718824,89.96976470947266,2800000.0,9.7,0.0011352992938905
05-12-2019,67.38,11044.7,68.3,68.69,33.65,94.15,100,1,38.8171313424085,191.5687391718824,89.96976470947266,2800000.0,9.7,0.0011352992938905
06-12-2019,67.94,12572.75,74.78,84.38,24.01,87.63,100,1,38.8171313424085,191.5687391718824,89.96976470947266,2800000.0,9.7,0.0011352992938905
07-12-2019,67.07,8328.55,5.23,12.85,35.81,61.0,100,0,38.8171313424085,191.5687391718824,89.96976470947266,2800000.0,9.7,0.0011352992938905
08-12-2019,66.61,9063.41,0.93,19.91,28.15,89.58,100,0,38.8171313424085,191.5687391718824,89.96976470947266,2800000.0,9.7,0.0011352992938905
09-12-2019,66.75,8874.47,2.16,11.61,35.09,72.76,100,0,38.8171313424085,191.5687391718824,89.96976470947266,2800000.0,9.7,0.0011352992938905
10-12-2019,67.62,12391.56,55.24,78.31,29.21,78.15,100,1,38.8171313424085,191.5687391718824,89.96976470947266,2800000.0,9.7,0.0011352992938905
11-12-2019,67.63,10026.13,42.13,34.79,33.6,83.97,100,0,38.8171313424085,191.5687391718824,89.96976470947266,2800000.0,9.7,0.0011352992938905
12-12-2019,66.92,9325.12,37.12,30.26,31.5,74.29,100,0,38.8171313424085,191.5687391718824,89.96976470947266,2800000.0,9.7,0.0011352992938905
13-12-2019,66.54,9082.69,16.81,30.95,26.7,70.52,100,0,38.8171313424085,191.5687391718824,89.96976470947266,2800000.0,9.7,0.0011352992938905
14-12-2019,68.1,11162.59,47.38,72.21,26.75,63.98,100,1,38.8171313424085,191.5687391718824,89.96976470947266,2800000.0,9.7,0.0011352992938905
15-12-2019,68.92,14326.28,113.5,122.74,32.99,89.68,100,1,38.8171313424085,191.5687391718824,89.96976470947266,2800000.0,9.7,0.0011352992938905
16-12-2019,67.28,8384.79,20.0,15.92,29.38,74.41,100,0,38.8171313424085,191.5687391718824,89.96976470947266,2800000.0,9.7,0.0011352992938905
17-12-2019,66.31,8801.36,1.83,11.22,24.13,87.21,100,0,38.8171313424085,191.5687391718824,89.96976470947266,2800000.0,9.7,0.0011352992938905
18-12-2019,68.7,13128.06,73.31,99.91,34.61,64.66,100,1,38.8171313424085,191.5687391718824,89.96976470947266,2800000.0,9.7,0.0011352992938905
19-12-2019,68.23,13216.81,108.28,109.06,27.12,90.55,100,1,38.8171313424085,191.5687391718824,89.96976470947266,2800000.0,9.7,0.0011352992938905
20-12-2019,68.3,11955.72,63.83,83.45,24.35,79.83,100,1,38.8171313424085,191.5687391718824,89.96976470947266,2800000.0,9.7,0.0011352992938905
21-12-2019,68.38,13136.68,68.1,96.9,24.55,81.06,100,1,38.8171313424085,191.5687391718824,89.96976470947266,2800000.0,9.7,0.0011352992938905
22-12-2019,68.01,14333.8,99.49,117.85,25.98,88.28,100,1,38.8171313424085,191.5687391718824,89.96976470947266,2800000.0,9.7,0.0011352992938905
23-12-2019,68.5,13953.11,80.8,110.33,25.41,80.61,100,1,38.8171313424085,191.5687391718824,89.96976470947266,2800000.0,9.7,0.0011352992938905
24-12-2019,66.41,10231.15,28.07,40.69,29.83,79.3,100,0,38.8171313424085,191.5687391718824,89.96976470947266,2800000.0,9.7,0.0011352992938905
25-12-2019,67.61,10856.87,68.16,64.6,29.82,84.94,100,1,38.8171313424085,191.5687391718824,89.96976470947266,2800000.0,9.7,0.0011352992938905
26-12-2019,66.71,10170.83,24.77,46.44,25.21,89.44,100,0,38.8171313424085,191.5687391718824,89.96976470947266,2800000.0,9.7,0.0011352992938905
27-12-2019,66.62,9649.0,30.89,34.54,35.88,68.72,100,0,38.8171313424085,191.5687391718824,89.96976470947266,2800000.0,9.7,0.0011352992938905
28-12-2019,68.76,14978.41,105.36,133.54,31.26,90.45,100,1,38.8171313424085,191.5687391718824,89.96976470947266,2800000.0,9.7,0.0011352992938905
29-12-2019,68.78,13681.61,97.34,115.88,35.9,79.5,100,1,38.8171313424085,191.5687391718824,89.96976470947266,2800000.0,9.7,0.0011352992938905
30-12-2019,67.86,10727.36,53.0,47.81,28.2,80.82,100,1,38.8171313424085,191.5687391718824,89.96976470947266,2800000.0,9.7,0.0011352992938905
31-12-2019,66.9,7934.52,7.11,7.96,26.29,64.12,100,0,38.8171313424085,191.5687391718824,89.96976470947266,2800000.0,9.7,0.0011352992938905
01-01-2020,66.12,9810.34,32.8,33.77,25.07,78.68,100,0,38.8171313424085,191.5687391718824,89.96976470947266,2800000.0,9.7,0.0011352992938905
02-01-2020,66.8,10663.53,34.92,59.15,32.82,64.16,100,0,38.8171313424085,191.5687391718824,89.96976470947266,2800000.0,9.7,0.0011352992938905
03-01-2020,67.23,11727.31,51.97,71.83,29.51,78.01,100,1,38.8171313424085,191.5687391718824,89.96976470947266,2800000.0,9.7,0.0011352992938905
04-01-2020,66.18,10456.81,46.79,39.73,34.05,72.09,100,0,38.8171313424085,191.5687391718824,89.96976470947266,2800000.0,9.7,0.0011352992938905
05-01-2020,66.82,11345.97,71.29,66.42,26.02,64.34,100,1,38.8171313424085,191.5687391718824,89.96976470947266,2800000.0,9.7,0.0011352992938905
06-01-2020,68.05,12030.04,80.68,80.54,32.88,85.77,100,1,38.8171313424085,191.5687391718824,89.96976470947266,2800000.0,9.7,0.0011352992938905
07-01-2020,67.81,12608.53,69.55,97.23,25.18,71.38,100,1,38.8171313424085,191.5687391718824,89.96976470947266,2800000.0,9.7,0.0011352992938905
08-01-2020,67.1,12771.27,87.08,101.78,28.82,60.16,100,1,38.8171313424085,191.5687391718824,89.96976470947266,2800000.0,9.7,0.0011352992938905
09-01-2020,68.77,13505.71,102.57,102.35,29.34,70.79,100,1,38.8171313424085,191.5687391718824,89.96976470947266,2800000.0,9.7,0.0011352992938905
10-01-2020,67.13,13660.37,92.47,104.24,32.89,87.11,100,1,38.8171313424085,191.5687391718824,89.96976470947266,2800000.0,9.7,0.0011352992938905
11-01-2020,69.47,14613.08,109.66,132.65,28.34,89.0,100,1,38.8171313424085,191.5687391718824,89.96976470947266,2800000.0,9.7,0.0011352992938905
12-01-2020,66.95,10401.2,37.34,48.9,24.97,80.04,100,0,38.8171313424085,191.5687391718824,89.96976470947266,2800000.0,9.7,0.0011352992938905
13-01-2020,69.22,13888.01,107.24,125.24,36.0,65.46,100,1,38.8171313424085,191.5687391718824,89.96976470947266,2800000.0,9.7,0.0011352992938905
14-01-2020,67.73,12239.56,71.05,88.94,35.34,84.07,100,1,38.8171313424085,191.5687391718824,89.96976470947266,2800000.0,9.7,0.0011352992938905
15-01-2020,66.98,9847.49,22.64,41.57,33.77,73.74,100,0,38.8171313424085,191.5687391718824,89.96976470947266,2800000.0,9.7,0.0011352992938905
16-01-2020,66.81,9915.85,10.76,35.41,30.66,82.3,100,0,38.8171313424085,191.5687391718824,89.96976470947266,2800000.0,9.7,0.0011352992938905
17-01-2020,67.79,14659.41,99.72,128.04,32.29,85.49,100,1,38.8171313424085,191.5687391718824,89.96976470947266,2800000.0,9.7,0.0011352992938905
18-01-2020,68.03,12205.26,70.4,85.74,35.18,81.85,100,1,38.8171313424085,191.5687391718824,89.96976470947266,2800000.0,9.7,0.0011352992938905
19-01-2020,67.73,13072.72,86.89,98.44,29.31,67.72,100,1,38.8171313424085,191.5687391718824,89.96976470947266,2800000.0,9.7,0.0011352992938905
20-01-2020,65.68,8628.8,14.21,13.07,31.25,86.87,100,0,38.8171313424085,191.5687391718824,89.96976470947266,2800000.0,9.7,0.0011352992938905
21-01-2020,66.55,8429.79,8.61,14.39,25.86,75.23,100,0,38.8171313424085,191.5687391718824,89.96976470947266,2800000.0,9.7,0.0011352992938905
22-01-2020,67.33,13333.36,111.84,113.7,26.01,93.85,100,1,38.8171313424085,191.5687391718824,89.96976470947266,2800000.0,9.7,0.0011352992938905
23-01-2020,67.79,10793.28,35.71,56.83,34.64,80.39,100,0,38.8171313424085,191.5687391718824,89.96976470947266,2800000.0,9.7,0.0011352992938905
24-01-2020,68.33,15445.11,111.56,140.81,32.68,82.49,100,1,38.8171313424085,191.5687391718824,89.96976470947266,2800000.0,9.7,0.0011352992938905
25-01-2020,66.93,9714.87,2.95,31.36,29.62,68.64,100,0,38.8171313424085,191.5687391718824,89.96976470947266,2800000.0,9.7,0.0011352992938905
26-01-2020,68.23,13861.75,114.85,117.9,33.92,88.37,100,1,38.8171313424085,191.5687391718824,89.96976470947266,2800000.0,9.7,0.0011352992938905
27-01-2020,65.65,9182.33,16.07,28.42,29.62,86.72,100,0,38.8171313424085,191.5687391718824,89.96976470947266,2800000.0,9.7,0.0011352992938905
28-01-2020,67.64,11833.1,74.21,71.53,30.86,73.78,100,1,38.8171313424085,191.5687391718824,89.96976470947266,2800000.0,9.7,0.0011352992938905
29-01-2020,67.22,11280.52,77.88,70.11,30.25,74.36,100,1,38.8171313424085,191.5687391718824,89.96976470947266,2800000.0,9.7,0.0011352992938905
30-01-2020,67.06,12224.39,53.18,78.18,31.39,85.39,100,1,38.8171313424085,191.5687391718824,89.96976470947266,2800000.0,9.7,0.0011352992938905
31-01-2020,65.5,9128.04,3.77,22.65,26.84,60.22,100,0,38.8171313424085,191.5687391718824,89.96976470947266,2800000.0,9.7,0.0011352992938905
01-02-2020,68.09,11065.86,66.48,58.05,32.59,90.05,100,1,38.8171313424085,191.5687391718824,89.96976470947266,2800000.0,9.7,0.0011352992938905
02-02-2020,67.27,10117.43,25.77,43.2,29.48,78.96,100,0,38.8171313424085,191.5687391718824,89.96976470947266,2800000.0,9.7,0.0011352992938905
03-02-2020,66.63,10844.72,23.89,47.85,35.68,93.67,100,0,38.8171313424085,191.5687391718824,89.96976470947266,2800000.0,9.7,0.0011352992938905
04-02-2020,68.74,13722.87,105.75,114.08,34.74,65.4,100,1,38.8171313424085,191.5687391718824,89.96976470947266,2800000.0,9.7,0.0011352992938905
05-02-2020,68.96,14013.85,108.8,117.93,34.95,64.28,100,1,38.8171313424085,191.5687391718824,89.96976470947266,2800000.0,9.7,0.0011352992938905
06-02-2020,66.87,11065.08,68.25,60.82,29.17,80.82,100,1,38.8171313424085,191.5687391718824,89.96976470947266,2800000.0,9.7,0.0011352992938905
07-02-2020,65.97,10206.38,29.39,36.76,35.54,64.06,100,0,38.8171313424085,191.5687391718824,89.96976470947266,2800000.0,9.7,0.0011352992938905
08-02-2020,66.26,10831.07,34.72,48.16,25.2,65.7,100,0,38.8171313424085,191.5687391718824,89.96976470947266,2800000.0,9.7,0.0011352992938905
09-02-2020,68.35,14419.69,108.91,121.88,32.16,93.22,100,1,38.8171313424085,191.5687391718824,89.96976470947266,2800000.0,9.7,0.0011352992938905
10-02-2020,68.34,12574.14,106.53,100.76,31.26,69.58,100,1,38.8171313424085,191.5687391718824,89.96976470947266,2800000.0,9.7,0.0011352992938905
11-02-2020,67.95,11668.5,62.82,72.28,34.17,79.82,100,1,38.8171313424085,191.5687391718824,89.96976470947266,2800000.0,9.7,0.0011352992938905
12-02-2020,67.14,10694.83,35.05,52.47,25.43,93.01,100,0,38.8171313424085,191.5687391718824,89.96976470947266,2800000.0,9.7,0.0011352992938905
13-02-2020,68.81,13195.23,82.02,99.83,32.94,94.05,100,1,38.8171313424085,191.5687391718824,89.96976470947266,2800000.0,9.7,0.0011352992938905
14-02-2020,67.37,13637.88,100.88,112.96,26.55,64.61,100,1,38.8171313424085,191.5687391718824,89.96976470947266,2800000.0,9.7,0.0011352992938905
15-02-2020,66.97,9512.98,9.4,24.83,34.29,89.81,100,0,38.8171313424085,191.5687391718824,89.96976470947266,2800000.0,9.7,0.0011352992938905
16-02-2020,68.6,12400.15,72.0,83.72,32.21,92.04,100,1,38.8171313424085,191.5687391718824,89.96976470947266,2800000.0,9.7,0.0011352992938905
17-02-2020,67.7,14004.76,81.39,110.62,24.13,86.55,100,1,38.8171313424085,191.5687391718824,89.96976470947266,2800000.0,9.7,0.0011352992938905
18-02-2020,68.89,12612.57,110.04,100.23,25.49,65.33,100,1,38.8171313424085,191.5687391718824,89.96976470947266,2800000.0,9.7,0.0011352992938905
19-02-2020,66.22,10117.03,36.38,36.69,25.32,91.59,100,0,38.8171313424085,191.5687391718824,89.96976470947266,2800000.0,9.7,0.0011352992938905
20-02-2020,67.81,10081.39,26.81,48.72,25.78,73.6,100,0,38.8171313424085,191.5687391718824,89.96976470947266,2800000.0,9.7,0.0011352992938905
21-02-2020,67.72,12818.57,106.02,101.6,26.17,73.47,100,1,38.8171313424085,191.5687391718824,89.96976470947266,2800000.0,9.7,0.0011352992938905
22-02-2020,67.73,11842.81,88.46,82.82,34.16,85.25,100,1,38.8171313424085,191.5687391718824,89.96976470947266,2800000.0,9.7,0.0011352992938905
23-02-2020,67.71,12348.45,59.28,78.24,27.81,80.26,100,1,38.8171313424085,191.5687391718824,89.96976470947266,2800000.0,9.7,0.0011352992938905
24-02-2020,68.0,13785.4,110.23,124.36,32.81,71.43,100,1,38.8171313424085,191.5687391718824,89.96976470947266,2800000.0,9.7,0.0011352992938905
25-02-2020,68.19,12004.5,52.06,75.37,33.66,93.99,100,1,38.8171313424085,191.5687391718824,89.96976470947266,2800000.0,9.7,0.0011352992938905
26-02-2020,67.7,12419.65,102.25,93.77,32.88,70.45,100,1,38.8171313424085,191.5687391718824,89.96976470947266,2800000.0,9.7,0.0011352992938905
27-02-2020,68.0,11917.42,79.78,87.83,33.49,82.53,100,1,38.8171313424085,191.5687391718824,89.96976470947266,2800000.0,9.7,0.0011352992938905
28-02-2020,65.8,8652.05,8.11,7.92,26.92,73.33,100,0,38.8171313424085,191.5687391718824,89.96976470947266,2800000.0,9.7,0.0011352992938905
29-02-2020,66.85,12269.35,60.1,87.23,33.43,86.58,100,1,38.8171313424085,191.5687391718824,89.96976470947266,2800000.0,9.7,0.0011352992938905
01-03-2020,67.78,9739.12,39.14,43.3,28.16,84.46,100,0,38.8171313424085,191.5687391718824,89.96976470947266,2800000.0,9.7,0.0011352992938905
02-03-2020,68.52,13878.66,90.87,110.28,30.57,79.6,100,1,38.8171313424085,191.5687391718824,89.96976470947266,2800000.0,9.7,0.0011352992938905
03-03-2020,65.78,9155.36,9.14,16.25,30.1,89.69,100,0,38.8171313424085,191.5687391718824,89.96976470947266,2800000.0,9.7,0.0011352992938905
04-03-2020,67.38,13498.89,84.78,109.16,28.76,67.5,100,1,38.8171313424085,191.5687391718824,89.96976470947266,2800000.0,9.7,0.0011352992938905
05-03-2020,65.11,7481.76,0.48,-4.31,24.5,74.27,100,0,38.8171313424085,191.5687391718824,89.96976470947266,2800000.0,9.7,0.0011352992938905
06-03-2020,67.75,9873.26,23.73,46.88,33.92,73.84,100,0,38.8171313424085,191.5687391718824,89.96976470947266,2800000.0,9.7,0.0011352992938905
07-03-2020,66.54,11073.67,77.01,70.61,30.91,74.01,100,1,38.8171313424085,191.5687391718824,89.96976470947266,2800000.0,9.7,0.0011352992938905
08-03-2020,68.71,14376.47,104.97,130.72,26.35,66.7,100,1,38.8171313424085,191.5687391718824,89.96976470947266,2800000.0,9.7,0.0011352992938905
09-03-2020,66.58,12077.96,60.17,73.34,35.13,93.0,100,1,38.8171313424085,191.5687391718824,89.96976470947266,2800000.0,9.7,0.0011352992938905
10-03-2020,67.89,11961.69,46.07,75.41,30.39,81.97,100,1,38.8171313424085,191.5687391718824,89.96976470947266,2800000.0,9.7,0.0011352992938905
11-03-2020,68.88,13716.73,90.78,115.89,33.31,89.92,100,1,38.8171313424085,191.5687391718824,89.96976470947266,2800000.0,9.7,0.0011352992938905
12-03-2020,67.14,9689.76,18.22,24.6,30.41,84.1,100,0,38.8171313424085,191.5687391718824,89.96976470947266,2800000.0,9.7,0.0011352992938905
13-03-2020,67.99,13254.5,77.91,98.64,33.88,85.76,100,1,38.8171313424085,191.5687391718824,89.96976470947266,2800000.0,9.7,0.0011352992938905
14-03-2020,68.54,14713.92,109.94,129.38,27.58,87.6,100,1,38.8171313424085,191.5687391718824,89.96976470947266,2800000.0,9.7,0.0011352992938905
15-03-2020,67.03,12248.1,70.79,79.56,28.26,82.26,100,1,38.8171313424085,191.5687391718824,89.96976470947266,2800000.0,9.7,0.0011352992938905
16-03-2020,67.28,10656.51,36.62,51.79,30.2,90.81,100,0,38.8171313424085,191.5687391718824,89.96976470947266,2800000.0,9.7,0.0011352992938905
17-03-2020,68.03,11263.61,57.33,56.07,27.6,81.2,100,1,38.8171313424085,191.5687391718824,89.96976470947266,2800000.0,9.7,0.0011352992938905
18-03-2020,68.06,11557.9,57.65,61.56,29.93,68.61,100,1,38.8171313424085,191.5687391718824,89.96976470947266,2800000.0,9.7,0.0011352992938905
19-03-2020,65.96,9608.54,25.25,28.99,32.76,91.29,100,0,38.8171313424085,191.5687391718824,89.96976470947266,2800000.0,9.7,0.0011352992938905
20-03-2020,67.54,11761.86,63.59,80.0,28.44,79.63,100,1,38.8171313424085,191.5687391718824,89.96976470947266,2800000.0,9.7,0.0011352992938905
21-03-2020,67.52,12658.99,82.62,86.48,24.28,94.52,100,1,38.8171313424085,191.5687391718824,89.96976470947266,2800000.0,9.7,0.0011352992938905
22-03-2020,66.46,8824.67,7.07,14.59,29.27,84.58,100,0,38.8171313424085,191.5687391718824,89.96976470947266,2800000.0,9.7,0.0011352992938905
23-03-2020,67.37,13903.9,113.7,114.77,35.29,80.56,100,1,38.8171313424085,191.5687391718824,89.96976470947266,2800000.0,9.7,0.0011352992938905
24-03-2020,67.67,10135.97,23.48,46.48,25.33,94.01,100,0,38.8171313424085,191.5687391718824,89.96976470947266,2800000.0,9.7,0.0011352992938905
25-03-2020,67.3,10331.0,27.55,38.66,34.42,70.52,100,0,38.8171313424085,191.5687391718824,89.96976470947266,2800000.0,9.7,0.0011352992938905
26-03-2020,68.62,13846.78,112.47,113.09,30.92,66.15,100,1,38.8171313424085,191.5687391718824,89.96976470947266,2800000.0,9.7,0.0011352992938905
27-03-2020,68.65,14601.43,98.37,122.33,33.27,67.82,100,1,38.8171313424085,191.5687391718824,89.96976470947266,2800000.0,9.7,0.0011352992938905
28-03-2020,68.92,13484.1,102.05,111.8,25.54,90.71,100,1,38.8171313424085,191.5687391718824,89.96976470947266,2800000.0,9.7,0.0011352992938905
29-03-2020,68.48,13036.82,89.95,105.09,26.28,68.25,100,1,38.8171313424085,191.5687391718824,89.96976470947266,2800000.0,9.7,0.0011352992938905
30-03-2020,68.93,15353.53,119.81,140.8,25.5,85.18,100,1,38.8171313424085,191.5687391718824,89.96976470947266,2800000.0,9.7,0.0011352992938905
31-03-2020,67.11,8270.97,5.25,9.38,32.79,77.44,100,0,38.8171313424085,191.5687391718824,89.96976470947266,2800000.0,9.7,0.0011352992938905
01-04-2020,67.2,13557.2,95.15,107.84,34.47,72.67,100,1,38.8171313424085,191.5687391718824,89.96976470947266,2800000.0,9.7,0.0011352992938905
02-04-2020,68.13,13981.54,98.92,126.28,26.7,79.6,100,1,38.8171313424085,191.5687391718824,89.96976470947266,2800000.0,9.7,0.0011352992938905
03-04-2020,67.12,8775.49,16.41,16.44,30.27,93.51,100,0,38.8171313424085,191.5687391718824,89.96976470947266,2800000.0,9.7,0.0011352992938905
04-04-2020,66.6,9227.95,26.06,26.51,26.08,93.13,100,0,38.8171313424085,191.5687391718824,89.96976470947266,2800000.0,9.7,0.0011352992938905
05-04-2020,66.22,9577.07,2.67,27.02,25.89,60.92,100,0,38.8171313424085,191.5687391718824,89.96976470947266,2800000.0,9.7,0.0011352992938905
06-04-2020,67.12,12140.9,74.09,91.32,30.71,60.51,100,1,38.8171313424085,191.5687391718824,89.96976470947266,2800000.0,9.7,0.0011352992938905
07-04-2020,67.01,11772.54,53.8,74.83,33.38,68.38,100,1,38.8171313424085,191.5687391718824,89.96976470947266,2800000.0,9.7,0.0011352992938905
08-04-2020,69.49,14624.34,114.3,126.63,25.01,92.38,100,1,38.8171313424085,191.5687391718824,89.96976470947266,2800000.0,9.7,0.0011352992938905
09-04-2020,68.08,13089.33,90.06,96.26,34.08,90.8,100,1,38.8171313424085,191.5687391718824,89.96976470947266,2800000.0,9.7,0.0011352992938905
10-04-2020,66.95,8866.84,8.24,11.23,24.66,80.1,100,0,38.8171313424085,191.5687391718824,89.96976470947266,2800000.0,9.7,0.0011352992938905
11-04-2020,68.08,11629.83,45.94,75.78,25.86,93.39,100,1,38.8171313424085,191.5687391718824,89.96976470947266,2800000.0,9.7,0.0011352992938905
12-04-2020,67.56,10712.41,38.55,52.1,31.19,69.98,100,0,38.8171313424085,191.5687391718824,89.96976470947266,2800000.0,9.7,0.0011352992938905
13-04-2020,67.65,10358.64,55.73,50.12,32.31,75.32,100,1,38.8171313424085,191.5687391718824,89.96976470947266,2800000.0,9.7,0.0011352992938905
14-04-2020,66.28,11126.6,63.91,56.64,27.42,87.57,100,1,38.8171313424085,191.5687391718824,89.96976470947266,2800000.0,9.7,0.0011352992938905
15-04-2020,68.12,14402.81,100.36,119.77,24.21,75.91,100,1,38.8171313424085,191.5687391718824,89.96976470947266,2800000.0,9.7,0.0011352992938905
16-04-2020,67.19,12077.52,65.92,91.38,27.15,71.62,100,1,38.8171313424085,191.5687391718824,89.96976470947266,2800000.0,9.7,0.0011352992938905
17-04-2020,67.79,10627.56,39.48,46.51,27.32,88.75,100,0,38.8171313424085,191.5687391718824,89.96976470947266,2800000.0,9.7,0.0011352992938905
18-04-2020,67.15,11517.82,68.15,74.93,24.55,75.97,100,1,38.8171313424085,191.5687391718824,89.96976470947266,2800000.0,9.7,0.0011352992938905
19-04-2020,67.31,10544.9,55.42,50.28,26.63,84.56,100,1,38.8171313424085,191.5687391718824,89.96976470947266,2800000.0,9.7,0.0011352992938905
20-04-2020,68.12,13324.29,95.82,101.01,27.03,68.42,100,1,38.8171313424085,191.5687391718824,89.96976470947266,2800000.0,9.7,0.0011352992938905
21-04-2020,67.84,12999.26,118.32,109.76,27.75,72.06,100,1,38.8171313424085,191.5687391718824,89.96976470947266,2800000.0,9.7,0.0011352992938905
22-04-2020,65.24,8905.35,19.94,10.5,32.27,82.95,100,0,38.8171313424085,191.5687391718824,89.96976470947266,2800000.0,9.7,0.0011352992938905
23-04-2020,66.94,7475.92,6.93,-0.78,32.77,93.29,100,0,38.8171313424085,191.5687391718824,89.96976470947266,2800000.0,9.7,0.0011352992938905
24-04-2020,66.76,12604.8,72.16,86.0,28.6,88.95,100,1,38.8171313424085,191.5687391718824,89.96976470947266,2800000.0,9.7,0.0011352992938905
25-04-2020,67.11,10735.89,39.37,51.81,33.8,82.63,100,0,38.8171313424085,191.5687391718824,89.96976470947266,2800000.0,9.7,0.0011352992938905
26-04-2020,66.38,9992.1,19.74,44.75,33.67,66.46,100,0,38.8171313424085,191.5687391718824,89.96976470947266,2800000.0,9.7,0.0011352992938905
27-04-2020,68.45,12556.19,75.9,86.3,28.36,85.39,100,1,38.8171313424085,191.5687391718824,89.96976470947266,2800000.0,9.7,0.0011352992938905
28-04-2020,65.64,7963.58,2.01,-3.05,28.83,69.89,100,0,38.8171313424085,191.5687391718824,89.96976470947266,2800000.0,9.7,0.0011352992938905
29-04-2020,68.27,13208.79,76.32,96.66,33.95,77.62,100,1,38.8171313424085,191.5687391718824,89.96976470947266,2800000.0,9.7,0.0011352992938905
30-04-2020,66.46,11472.91,72.35,70.58,35.07,77.56,100,1,38.8171313424085,191.5687391718824,89.96976470947266,2800000.0,9.7,0.0011352992938905
01-05-2020,67.16,10144.75,22.72,42.13,30.7,79.14,100,0,38.8171313424085,191.5687391718824,89.96976470947266,2800000.0,9.7,0.0011352992938905
02-05-2020,66.8,9631.53,26.91,30.91,28.7,85.47,100,0,38.8171313424085,191.5687391718824,89.96976470947266,2800000.0,9.7,0.0011352992938905
03-05-2020,67.67,14464.9,108.86,132.68,35.66,65.92,100,1,38.8171313424085,191.5687391718824,89.96976470947266,2800000.0,9.7,0.0011352992938905
04-05-2020,67.14,13118.28,95.47,95.11,33.78,94.9,100,1,38.8171313424085,191.5687391718824,89.96976470947266,2800000.0,9.7,0.0011352992938905
05-05-2020,67.84,11713.58,72.82,79.89,32.8,80.35,100,1,38.8171313424085,191.5687391718824,89.96976470947266,2800000.0,9.7,0.0011352992938905
06-05-2020,66.46,10138.91,11.04,33.02,33.8,74.75,100,0,38.8171313424085,191.5687391718824,89.96976470947266,2800000.0,9.7,0.0011352992938905
07-05-2020,67.71,13589.72,85.89,108.07,27.13,90.66,100,1,38.8171313424085,191.5687391718824,89.96976470947266,2800000.0,9.7,0.0011352992938905
08-05-2020,67.43,9811.53,28.01,45.51,28.09,66.45,100,0,38.8171313424085,191.5687391718824,89.96976470947266,2800000.0,9.7,0.0011352992938905
09-05-2020,69.11,14966.84,109.22,133.31,34.37,81.32,100,1,38.8171313424085,191.5687391718824,89.96976470947266,2800000.0,9.7,0.0011352992938905
10-05-2020,68.56,12417.35,66.76,91.24,29.64,77.77,100,1,38.8171313424085,191.5687391718824,89.96976470947266,2800000.0,9.7,0.0011352992938905
11-05-2020,66.49,11393.02,66.82,59.44,32.49,88.28,100,1,38.8171313424085,191.5687391718824,89.96976470947266,2800000.0,9.7,0.0011352992938905
12-05-2020,67.5,11647.13,61.74,65.48,35.12,62.05,100,1,38.8171313424085,191.5687391718824,89.96976470947266,2800000.0,9.7,0.0011352992938905
13-05-2020,67.62,9968.32,6.3,32.85,34.9,65.63,100,0,38.8171313424085,191.5687391718824,89.96976470947266,2800000.0,9.7,0.0011352992938905
14-05-2020,67.51,11048.95,43.64,54.26,24.63,76.09,100,0,38.8171313424085,191.5687391718824,89.96976470947266,2800000.0,9.7,0.0011352992938905
15-05-2020,67.94,10802.33,34.82,50.19,27.74,81.98,100,0,38.8171313424085,191.5687391718824,89.96976470947266,2800000.0,9.7,0.0011352992938905
16-05-2020,67.78,14242.75,101.59,131.06,30.62,61.83,100,1,38.8171313424085,191.5687391718824,89.96976470947266,2800000.0,9.7,0.0011352992938905
17-05-2020,67.64,11872.82,47.87,77.84,24.72,88.13,100,1,38.8171313424085,191.5687391718824,89.96976470947266,2800000.0,9.7,0.0011352992938905
18-05-2020,69.08,14263.22,96.06,124.01,35.54,64.11,100,1,38.8171313424085,191.5687391718824,89.96976470947266,2800000.0,9.7,0.0011352992938905
19-05-2020,66.55,10780.67,39.71,47.0,34.68,91.55,100,0,38.8171313424085,191.5687391718824,89.96976470947266,2800000.0,9.7,0.0011352992938905
20-05-2020,66.37,10775.5,71.17,64.46,31.61,88.43,100,1,38.8171313424085,191.5687391718824,89.96976470947266,2800000.0,9.7,0.0011352992938905
21-05-2020,66.08,9159.07,20.24,15.16,34.17,88.21,100,0,38.8171313424085,191.5687391718824,89.96976470947266,2800000.0,9.7,0.0011352992938905
22-05-2020,69.59,14474.23,109.1,134.67,25.78,73.3,100,1,38.8171313424085,191.5687391718824,89.96976470947266,2800000.0,9.7,0.0011352992938905
23-05-2020,67.28,12460.19,83.07,97.44,30.25,81.37,100,1,38.8171313424085,191.5687391718824,89.96976470947266,2800000.0,9.7,0.0011352992938905
24-05-2020,67.81,13280.74,112.97,114.29,34.27,84.93,100,1,38.8171313424085,191.5687391718824,89.96976470947266,2800000.0,9.7,0.0011352992938905
25-05-2020,66.21,10125.39,24.41,32.81,33.4,72.32,100,0,38.8171313424085,191.5687391718824,89.96976470947266,2800000.0,9.7,0.0011352992938905
26-05-2020,67.79,14727.07,103.51,131.37,24.65,86.09,100,1,38.8171313424085,191.5687391718824,89.96976470947266,2800000.0,9.7,0.0011352992938905
27-05-2020,66.7,9411.65,6.22,21.38,31.72,70.95,100,0,38.8171313424085,191.5687391718824,89.96976470947266,2800000.0,9.7,0.0011352992938905
28-05-2020,66.04,8499.63,9.06,5.63,27.97,63.53,100,0,38.8171313424085,191.5687391718824,89.96976470947266,2800000.0,9.7,0.0011352992938905
29-05-2020,68.8,13911.8,88.08,109.27,26.21,70.09,100,1,38.8171313424085,191.5687391718824,89.96976470947266,2800000.0,9.7,0.0011352992938905
30-05-2020,69.06,14253.88,115.66,134.16,33.68,77.68,100,1,38.8171313424085,191.5687391718824,89.96976470947266,2800000.0,9.7,0.0011352992938905
31-05-2020,67.51,13547.83,85.43,103.97,30.0,64.97,100,1,38.8171313424085,191.5687391718824,89.96976470947266,2800000.0,9.7,0.0011352992938905
01-06-2020,68.16,12228.56,76.97,77.93,27.38,62.44,100,1,38.8171313424085,191.5687391718824,89.96976470947266,2800000.0,9.7,0.0011352992938905
02-06-2020,68.37,13730.99,110.75,115.08,32.73,61.6,100,1,38.8171313424085,191.5687391718824,89.96976470947266,2800000.0,9.7,0.0011352992938905
03-06-2020,68.65,14694.71,99.18,124.16,30.15,89.34,100,1,38.8171313424085,191.5687391718824,89.96976470947266,2800000.0,9.7,0.0011352992938905
04-06-2020,66.98,8564.32,15.97,15.73,24.62,61.23,100,0,38.8171313424085,191.5687391718824,89.96976470947266,2800000.0,9.7,0.0011352992938905
05-06-2020,66.42,8859.89,11.59,10.55,28.52,87.0,100,0,38.8171313424085,191.5687391718824,89.96976470947266,2800000.0,9.7,0.0011352992938905
06-06-2020,68.19,12868.15,100.94,91.13,30.54,83.93,100,1,38.8171313424085,191.5687391718824,89.96976470947266,2800000.0,9.7,0.0011352992938905
07-06-2020,67.54,13245.75,72.11,97.04,33.62,74.83,100,1,38.8171313424085,191.5687391718824,89.96976470947266,2800000.0,9.7,0.0011352992938905
08-06-2020,68.05,13489.4,95.08,107.0,33.2,94.16,100,1,38.8171313424085,191.5687391718824,89.96976470947266,2800000.0,9.7,0.0011352992938905
09-06-2020,68.49,12830.96,97.13,104.14,33.37,82.34,100,1,38.8171313424085,191.5687391718824,89.96976470947266,2800000.0,9.7,0.0011352992938905
10-06-2020,68.08,11940.59,80.81,80.56,24.86,74.04,100,1,38.8171313424085,191.5687391718824,89.96976470947266,2800000.0,9.7,0.0011352992938905
11-06-2020,65.92,10326.91,23.99,44.91,35.81,93.8,100,0,38.8171313424085,191.5687391718824,89.96976470947266,2800000.0,9.7,0.0011352992938905
12-06-2020,65.61,9375.04,1.47,21.41,31.72,69.8,100,0,38.8171313424085,191.5687391718824,89.96976470947266,2800000.0,9.7,0.0011352992938905
13-06-2020,67.96,13043.76,72.84,93.64,30.25,70.09,100,1,38.8171313424085,191.5687391718824,89.96976470947266,2800000.0,9.7,0.0011352992938905
14-06-2020,67.41,13260.37,78.85,104.79,29.37,75.3,100,1,38.8171313424085,191.5687391718824,89.96976470947266,2800000.0,9.7,0.0011352992938905
15-06-2020,67.12,11548.92,75.23,73.88,26.35,93.09,100,1,38.8171313424085,191.5687391718824,89.96976470947266,2800000.0,9.7,0.0011352992938905
16-06-2020,67.18,11488.01,57.43,77.75,24.42,62.17,100,1,38.8171313424085,191.5687391718824,89.96976470947266,2800000.0,9.7,0.0011352992938905
17-06-2020,68.94,14045.45,96.0,117.74,33.09,70.27,100,1,38.8171313424085,191.5687391718824,89.96976470947266,2800000.0,9.7,0.0011352992938905
18-06-2020,65.99,10432.97,40.64,45.62,32.83,67.63,100,0,38.8171313424085,191.5687391718824,89.96976470947266,2800000.0,9.7,0.0011352992938905
19-06-2020,66.39,10375.96,54.67,56.99,24.8,77.08,100,1,38.8171313424085,191.5687391718824,89.96976470947266,2800000.0,9.7,0.0011352992938905
20-06-2020,66.96,8030.75,12.13,3.53,31.0,92.34,100,0,38.8171313424085,191.5687391718824,89.96976470947266,2800000.0,9.7,0.0011352992938905
21-06-2020,68.12,11651.29,63.83,68.9,35.82,84.58,100,1,38.8171313424085,191.5687391718824,89.96976470947266,2800000.0,9.7,0.0011352992938905
22-06-2020,67.55,10000.41,24.15,31.96,24.01,61.33,100,0,38.8171313424085,191.5687391718824,89.96976470947266,2800000.0,9.7,0.0011352992938905
23-06-2020,67.25,11960.42,68.55,82.95,27.94,90.4,100,1,38.8171313424085,191.5687391718824,89.96976470947266,2800000.0,9.7,0.0011352992938905
24-06-2020,65.26,7896.35,5.02,6.88,29.35,82.43,100,0,38.8171313424085,191.5687391718824,89.96976470947266,2800000.0,9.7,0.0011352992938905
25-06-2020,68.69,13030.59,100.18,100.8,26.9,81.15,100,1,38.8171313424085,191.5687391718824,89.96976470947266,2800000.0,9.7,0.0011352992938905
26-06-2020,69.52,14219.63,101.14,129.22,34.02,85.21,100,1,38.8171313424085,191.5687391718824,89.96976470947266,2800000.0,9.7,0.0011352992938905
27-06-2020,65.41,7955.18,5.6,0.52,35.84,80.76,100,0,38.8171313424085,191.5687391718824,89.96976470947266,2800000.0,9.7,0.0011352992938905
28-06-2020,65.73,8223.23,1.96,4.11,26.67,83.8,100,0,38.8171313424085,191.5687391718824,89.96976470947266,2800000.0,9.7,0.0011352992938905
29-06-2020,65.81,9064.6,8.89,29.04,32.92,80.34,100,0,38.8171313424085,191.5687391718824,89.96976470947266,2800000.0,9.7,0.0011352992938905
30-06-2020,67.27,13949.41,89.46,109.63,27.31,93.76,100,1,38.8171313424085,191.5687391718824,89.96976470947266,2800000.0,9.7,0.0011352992938905
01-07-2020,66.26,9266.77,18.12,31.96,34.13,76.83,100,0,38.8171313424085,191.5687391718824,89.96976470947266,2800000.0,9.7,0.0011352992938905
02-07-2020,67.22,9498.31,33.21,37.51,25.5,93.29,100,0,38.8171313424085,191.5687391718824,89.96976470947266,2800000.0,9.7,0.0011352992938905
03-07-2020,67.77,11646.67,47.46,73.98,33.9,90.31,100,1,38.8171313424085,191.5687391718824,89.96976470947266,2800000.0,9.7,0.0011352992938905
04-07-2020,67.23,12846.27,94.16,92.44,25.33,76.27,100,1,38.8171313424085,191.5687391718824,89.96976470947266,2800000.0,9.7,0.0011352992938905
05-07-2020,66.44,11474.4,79.13,70.79,32.48,70.43,100,1,38.8171313424085,191.5687391718824,89.96976470947266,2800000.0,9.7,0.0011352992938905
06-07-2020,68.68,13466.06,92.19,119.32,25.11,79.97,100,1,38.8171313424085,191.5687391718824,89.96976470947266,2800000.0,9.7,0.0011352992938905
07-07-2020,68.45,14529.06,114.87,121.17,33.29,90.02,100,1,38.8171313424085,191.5687391718824,89.96976470947266,2800000.0,9.7,0.0011352992938905
08-07-2020,67.13,11745.46,75.01,76.64,29.42,71.61,100,1,38.8171313424085,191.5687391718824,89.96976470947266,2800000.0,9.7,0.0011352992938905
09-07-2020,67.3,13349.28,90.73,109.64,32.57,80.13,100,1,38.8171313424085,191.5687391718824,89.96976470947266,2800000.0,9.7,0.0011352992938905
10-07-2020,67.61,11036.66,36.29,62.94,24.18,76.14,100,0,38.8171313424085,191.5687391718824,89.96976470947266,2800000.0,9.7,0.0011352992938905
11-07-2020,67.92,11447.98,76.51,77.63,35.54,68.92,100,1,38.8171313424085,191.5687391718824,89.96976470947266,2800000.0,9.7,0.0011352992938905
12-07-2020,68.31,13481.41,97.57,110.23,24.01,73.98,100,1,38.8171313424085,191.5687391718824,89.96976470947266,2800000.0,9.7,0.0011352992938905
13-07-2020,67.02,11404.49,75.2,72.98,24.62,78.89,100,1,38.8171313424085,191.5687391718824,89.96976470947266,2800000.0,9.7,0.0011352992938905
14-07-2020,67.17,10888.49,61.96,62.72,35.7,93.67,100,1,38.8171313424085,191.5687391718824,89.96976470947266,2800000.0,9.7,0.0011352992938905
15-07-2020,67.03,11406.53,61.16,63.36,29.68,60.56,100,1,38.8171313424085,191.5687391718824,89.96976470947266,2800000.0,9.7,0.0011352992938905
16-07-2020,67.33,10076.0,44.9,36.88,26.69,76.21,100,0,38.8171313424085,191.5687391718824,89.96976470947266,2800000.0,9.7,0.0011352992938905
17-07-2020,68.67,14264.95,116.81,127.86,33.34,62.76,100,1,38.8171313424085,191.5687391718824,89.96976470947266,2800000.0,9.7,0.0011352992938905
18-07-2020,67.1,9896.15,45.42,42.82,31.13,66.05,100,0,38.8171313424085,191.5687391718824,89.96976470947266,2800000.0,9.7,0.0011352992938905
19-07-2020,66.53,9810.98,29.36,38.78,35.58,74.96,100,0,38.8171313424085,191.5687391718824,89.96976470947266,2800000.0,9.7,0.0011352992938905
20-07-2020,67.82,11139.38,70.6,62.91,30.46,93.09,100,1,38.8171313424085,191.5687391718824,89.96976470947266,2800000.0,9.7,0.0011352992938905
21-07-2020,67.95,13430.5,117.67,113.16,34.11,82.71,100,1,38.8171313424085,191.5687391718824,89.96976470947266,2800000.0,9.7,0.0011352992938905
22-07-2020,67.69,12132.51,73.74,74.07,34.65,66.45,100,1,38.8171313424085,191.5687391718824,89.96976470947266,2800000.0,9.7,0.0011352992938905
23-07-2020,66.52,9601.89,38.66,39.51,35.81,81.28,100,0,38.8171313424085,191.5687391718824,89.96976470947266,2800000.0,9.7,0.0011352992938905
24-07-2020,66.52,8987.24,6.27,26.19,25.56,83.14,100,0,38.8171313424085,191.5687391718824,89.96976470947266,2800000.0,9.7,0.0011352992938905
25-07-2020,67.13,13015.85,74.15,90.52,28.29,89.75,100,1,38.8171313424085,191.5687391718824,89.96976470947266,2800000.0,9.7,0.0011352992938905
26-07-2020,68.89,13510.44,104.47,117.51,27.0,89.4,100,1,38.8171313424085,191.5687391718824,89.96976470947266,2800000.0,9.7,0.0011352992938905
27-07-2020,68.24,11963.89,81.19,87.62,32.57,79.63,100,1,38.8171313424085,191.5687391718824,89.96976470947266,2800000.0,9.7,0.0011352992938905
28-07-2020,66.62,9826.04,8.43,28.57,24.83,89.25,100,0,38.8171313424085,191.5687391718824,89.96976470947266,2800000.0,9.7,0.0011352992938905
29-07-2020,66.43,9832.59,28.29,44.22,24.56,86.23,100,0,38.8171313424085,191.5687391718824,89.96976470947266,2800000.0,9.7,0.0011352992938905
30-07-2020,67.89,12078.79,60.14,78.96,30.26,84.71,100,1,38.8171313424085,191.5687391718824,89.96976470947266,2800000.0,9.7,0.0011352992938905
31-07-2020,67.1,9024.57,21.15,21.51,27.35,87.79,100,0,38.8171313424085,191.5687391718824,89.96976470947266,2800000.0,9.7,0.0011352992938905
01-08-2020,66.22,10226.82,29.99,48.64,26.6,76.32,100,0,38.8171313424085,191.5687391718824,89.96976470947266,2800000.0,9.7,0.0011352992938905
02-08-2020,68.44,12040.87,80.67,73.64,29.11,81.59,100,1,38.8171313424085,191.5687391718824,89.96976470947266,2800000.0,9.7,0.0011352992938905
03-08-2020,66.74,9834.63,42.73,33.03,25.39,68.95,100,0,38.8171313424085,191.5687391718824,89.96976470947266,2800000.0,9.7,0.0011352992938905
04-08-2020,68.58,12263.37,92.04,88.37,25.52,62.35,100,1,38.8171313424085,191.5687391718824,89.96976470947266,2800000.0,9.7,0.0011352992938905
05-08-2020,68.53,13393.36,98.41,113.79,32.32,82.03,100,1,38.8171313424085,191.5687391718824,89.96976470947266,2800000.0,9.7,0.0011352992938905
06-08-2020,66.5,8553.62,5.47,12.77,28.99,89.24,100,0,38.8171313424085,191.5687391718824,89.96976470947266,2800000.0,9.7,0.0011352992938905
07-08-2020,65.85,10216.17,31.92,38.72,24.06,90.51,100,0,38.8171313424085,191.5687391718824,89.96976470947266,2800000.0,9.7,0.0011352992938905
08-08-2020,67.82,12284.94,69.44,84.94,24.15,74.42,100,1,38.8171313424085,191.5687391718824,89.96976470947266,2800000.0,9.7,0.0011352992938905
09-08-2020,67.07,12869.62,93.21,95.76,33.89,83.92,100,1,38.8171313424085,191.5687391718824,89.96976470947266,2800000.0,9.7,0.0011352992938905
10-08-2020,68.34,12922.93,104.52,108.39,34.83,89.18,100,1,38.8171313424085,191.5687391718824,89.96976470947266,2800000.0,9.7,0.0011352992938905
11-08-2020,67.97,10769.99,67.84,62.72,33.25,94.63,100,1,38.8171313424085,191.5687391718824,89.96976470947266,2800000.0,9.7,0.0011352992938905
12-08-2020,68.21,11927.72,55.65,77.49,26.71,78.54,100,1,38.8171313424085,191.5687391718824,89.96976470947266,2800000.0,9.7,0.0011352992938905
13-08-2020,67.05,10936.98,52.29,50.66,30.54,71.53,100,1,38.8171313424085,191.5687391718824,89.96976470947266,2800000.0,9.7,0.0011352992938905
14-08-2020,65.79,9551.02,31.96,25.14,30.94,84.0,100,0,38.8171313424085,191.5687391718824,89.96976470947266,2800000.0,9.7,0.0011352992938905
15-08-2020,66.6,11322.02,38.83,68.3,25.99,68.89,100,1,38.8171313424085,191.5687391718824,89.96976470947266,2800000.0,9.7,0.0011352992938905
16-08-2020,67.64,13661.19,112.86,112.85,26.61,93.36,100,1,38.8171313424085,191.5687391718824,89.96976470947266,2800000.0,9.7,0.0011352992938905
17-08-2020,68.2,10883.56,65.61,64.34,30.44,62.2,100,1,38.8171313424085,191.5687391718824,89.96976470947266,2800000.0,9.7,0.0011352992938905
18-08-2020,66.99,9638.65,7.85,24.02,26.45,62.97,100,0,38.8171313424085,191.5687391718824,89.96976470947266,2800000.0,9.7,0.0011352992938905
19-08-2020,65.97,7819.52,2.49,2.24,31.37,81.64,100,0,38.8171313424085,191.5687391718824,89.96976470947266,2800000.0,9.7,0.0011352992938905
20-08-2020,66.77,10392.42,19.12,44.09,32.33,91.76,100,0,38.8171313424085,191.5687391718824,89.96976470947266,2800000.0,9.7,0.0011352992938905
21-08-2020,67.08,12501.87,76.07,93.45,26.28,91.7,100,1,38.8171313424085,191.5687391718824,89.96976470947266,2800000.0,9.7,0.0011352992938905
22-08-2020,65.98,9486.14,12.06,35.84,25.91,80.38,100,0,38.8171313424085,191.5687391718824,89.96976470947266,2800000.0,9.7,0.0011352992938905
23-08-2020,66.05,9762.23,16.44,25.65,30.92,69.4,100,0,38.8171313424085,191.5687391718824,89.96976470947266,2800000.0,9.7,0.0011352992938905
24-08-2020,66.84,10020.27,19.29,47.17,30.25,71.32,100,0,38.8171313424085,191.5687391718824,89.96976470947266,2800000.0,9.7,0.0011352992938905
25-08-2020,67.14,11170.99,37.37,57.36,26.97,85.4,100,0,38.8171313424085,191.5687391718824,89.96976470947266,2800000.0,9.7,0.0011352992938905
26-08-2020,67.08,11430.29,74.21,77.77,29.96,94.54,100,1,38.8171313424085,191.5687391718824,89.96976470947266,2800000.0,9.7,0.0011352992938905
27-08-2020,67.52,11076.25,50.91,63.54,30.22,66.73,100,1,38.8171313424085,191.5687391718824,89.96976470947266,2800000.0,9.7,0.0011352992938905
28-08-2020,69.22,14486.06,118.5,132.99,32.2,64.1,100,1,38.8171313424085,191.5687391718824,89.96976470947266,2800000.0,9.7,0.0011352992938905
29-08-2020,66.23,10960.34,45.84,58.03,35.61,81.54,100,1,38.8171313424085,191.5687391718824,89.96976470947266,2800000.0,9.7,0.0011352992938905
30-08-2020,68.69,13743.28,109.01,119.27,28.07,61.5,100,1,38.8171313424085,191.5687391718824,89.96976470947266,2800000.0,9.7,0.0011352992938905
31-08-2020,67.98,13710.35,100.43,123.52,30.24,79.18,100,1,38.8171313424085,191.5687391718824,89.96976470947266,2800000.0,9.7,0.0011352992938905
01-09-2020,66.66,10212.45,42.21,43.81,34.29,93.69,100,0,38.8171313424085,191.5687391718824,89.96976470947266,2800000.0,9.7,0.0011352992938905
02-09-2020,67.24,8783.25,22.27,13.59,26.09,64.19,100,0,38.8171313424085,191.5687391718824,89.96976470947266,2800000.0,9.7,0.0011352992938905
03-09-2020,67.83,10181.45,53.51,51.48,31.42,82.94,100,1,38.8171313424085,191.5687391718824,89.96976470947266,2800000.0,9.7,0.0011352992938905
04-09-2020,67.1,11399.31,77.71,68.7,28.03,73.03,100,1,38.8171313424085,191.5687391718824,89.96976470947266,2800000.0,9.7,0.0011352992938905
05-09-2020,68.09,12283.43,72.69,94.93,27.78,64.36,100,1,38.8171313424085,191.5687391718824,89.96976470947266,2800000.0,9.7,0.0011352992938905
06-09-2020,69.24,13332.96,86.66,114.1,32.84,75.4,100,1,38.8171313424085,191.5687391718824,89.96976470947266,2800000.0,9.7,0.0011352992938905
07-09-2020,67.6,11019.37,66.57,69.18,29.14,77.12,100,1,38.8171313424085,191.5687391718824,89.96976470947266,2800000.0,9.7,0.0011352992938905
08-09-2020,68.65,11963.91,74.73,84.06,26.46,73.49,100,1,38.8171313424085,191.5687391718824,89.96976470947266,2800000.0,9.7,0.0011352992938905
09-09-2020,68.56,13599.25,100.06,104.69,28.3,79.9,100,1,38.8171313424085,191.5687391718824,89.96976470947266,2800000.0,9.7,0.0011352992938905
10-09-2020,67.87,10407.1,23.7,48.67,29.03,70.61,100,0,38.8171313424085,191.5687391718824,89.96976470947266,2800000.0,9.7,0.0011352992938905
11-09-2020,67.43,12844.52,96.64,92.7,24.23,74.75,100,1,38.8171313424085,191.5687391718824,89.96976470947266,2800000.0,9.7,0.0011352992938905
12-09-2020,66.92,12439.84,88.12,87.03,24.92,63.17,100,1,38.8171313424085,191.5687391718824,89.96976470947266,2800000.0,9.7,0.0011352992938905
13-09-2020,67.62,9617.46,40.81,35.35,24.59,94.46,100,0,38.8171313424085,191.5687391718824,89.96976470947266,2800000.0,9.7,0.0011352992938905
14-09-2020,67.0,9261.89,21.56,32.99,26.92,85.11,100,0,38.8171313424085,191.5687391718824,89.96976470947266,2800000.0,9.7,0.0011352992938905
15-09-2020,68.42,12833.88,75.41,105.23,30.87,94.2,100,1,38.8171313424085,191.5687391718824,89.96976470947266,2800000.0,9.7,0.0011352992938905
16-09-2020,65.99,10259.27,20.79,46.1,24.14,81.64,100,0,38.8171313424085,191.5687391718824,89.96976470947266,2800000.0,9.7,0.0011352992938905
17-09-2020,66.42,9034.57,38.96,29.97,28.93,94.98,100,0,38.8171313424085,191.5687391718824,89.96976470947266,2800000.0,9.7,0.0011352992938905
18-09-2020,66.78,9114.76,31.76,27.52,24.33,65.06,100,0,38.8171313424085,191.5687391718824,89.96976470947266,2800000.0,9.7,0.0011352992938905
19-09-2020,68.27,11898.88,83.17,85.21,32.71,76.46,100,1,38.8171313424085,191.5687391718824,89.96976470947266,2800000.0,9.7,0.0011352992938905
20-09-2020,68.8,13246.56,91.76,113.64,32.64,83.17,100,1,38.8171313424085,191.5687391718824,89.96976470947266,2800000.0,9.7,0.0011352992938905
21-09-2020,68.77,13698.47,92.01,109.72,28.61,82.72,100,1,38.8171313424085,191.5687391718824,89.96976470947266,2800000.0,9.7,0.0011352992938905
22-09-2020,67.35,12504.66,77.32,98.39,25.17,84.47,100,1,38.8171313424085,191.5687391718824,89.96976470947266,2800000.0,9.7,0.0011352992938905
23-09-2020,67.3,9775.1,37.29,28.7,28.98,88.55,100,0,38.8171313424085,191.5687391718824,89.96976470947266,2800000.0,9.7,0.0011352992938905
24-09-2020,67.68,10559.85,65.14,56.8,35.93,75.22,100,1,38.8171313424085,191.5687391718824,89.96976470947266,2800000.0,9.7,0.0011352992938905
25-09-2020,68.48,14444.32,100.58,120.89,27.62,94.55,100,1,38.8171313424085,191.5687391718824,89.96976470947266,2800000.0,9.7,0.0011352992938905
26-09-2020,65.55,8916.4,2.52,26.32,29.76,77.95,100,0,38.8171313424085,191.5687391718824,89.96976470947266,2800000.0,9.7,0.0011352992938905
27-09-2020,68.14,12417.89,81.32,90.18,29.79,74.9,100,1,38.8171313424085,191.5687391718824,89.96976470947266,2800000.0,9.7,0.0011352992938905
28-09-2020,68.66,12582.2,85.25,100.07,32.31,83.46,100,1,38.8171313424085,191.5687391718824,89.96976470947266,2800000.0,9.7,0.0011352992938905
29-09-2020,66.38,11517.89,72.85,64.91,29.69,78.2,100,1,38.8171313424085,191.5687391718824,89.96976470947266,2800000.0,9.7,0.0011352992938905
30-09-2020,65.72,8651.75,13.0,21.42,24.63,65.5,100,0,38.8171313424085,191.5687391718824,89.96976470947266,2800000.0,9.7,0.0011352992938905
01-10-2020,67.92,10892.6,50.24,52.73,35.52,74.55,100,1,38.8171313424085,191.5687391718824,89.96976470947266,2800000.0,9.7,0.0011352992938905
02-10-2020,67.68,13628.76,108.41,106.99,27.2,68.6,100,1,38.8171313424085,191.5687391718824,89.96976470947266,2800000.0,9.7,0.0011352992938905
03-10-2020,68.5,14482.12,114.83,134.1,33.89,81.02,100,1,38.8171313424085,191.5687391718824,89.96976470947266,2800000.0,9.7,0.0011352992938905
04-10-2020,68.92,12641.36,101.46,98.35,25.64,78.4,100,1,38.8171313424085,191.5687391718824,89.96976470947266,2800000.0,9.7,0.0011352992938905
05-10-2020,68.76,13675.01,116.42,109.06,25.65,67.75,100,1,38.8171313424085,191.5687391718824,89.96976470947266,2800000.0,9.7,0.0011352992938905
06-10-2020,67.8,14831.48,114.31,131.07,26.66,64.12,100,1,38.8171313424085,191.5687391718824,89.96976470947266,2800000.0,9.7,0.0011352992938905
07-10-2020,68.46,12851.86,100.38,106.51,28.27,94.47,100,1,38.8171313424085,191.5687391718824,89.96976470947266,2800000.0,9.7,0.0011352992938905
08-10-2020,65.94,9443.86,24.82,28.65,30.32,86.63,100,0,38.8171313424085,191.5687391718824,89.96976470947266,2800000.0,9.7,0.0011352992938905
09-10-2020,68.68,13994.42,95.73,112.05,26.8,92.42,100,1,38.8171313424085,191.5687391718824,89.96976470947266,2800000.0,9.7,0.0011352992938905
10-10-2020,67.74,12961.13,108.28,102.29,29.65,85.66,100,1,38.8171313424085,191.5687391718824,89.96976470947266,2800000.0,9.7,0.0011352992938905
11-10-2020,69.33,13918.84,112.11,120.36,27.84,91.27,100,1,38.8171313424085,191.5687391718824,89.96976470947266,2800000.0,9.7,0.0011352992938905
12-10-2020,66.48,9637.42,6.47,23.35,32.19,74.89,100,0,38.8171313424085,191.5687391718824,89.96976470947266,2800000.0,9.7,0.0011352992938905
13-10-2020,67.05,8951.75,0.73,25.13,35.17,72.75,100,0,38.8171313424085,191.5687391718824,89.96976470947266,2800000.0,9.7,0.0011352992938905
14-10-2020,66.35,10556.62,30.19,60.02,30.03,75.4,100,0,38.8171313424085,191.5687391718824,89.96976470947266,2800000.0,9.7,0.0011352992938905
15-10-2020,65.68,8446.54,2.17,18.42,26.81,72.34,100,0,38.8171313424085,191.5687391718824,89.96976470947266,2800000.0,9.7,0.0011352992938905
16-10-2020,67.08,13041.04,78.39,96.1,31.24,90.39,100,1,38.8171313424085,191.5687391718824,89.96976470947266,2800000.0,9.7,0.0011352992938905
17-10-2020,67.97,11027.41,47.33,62.35,30.08,69.17,100,1,38.8171313424085,191.5687391718824,89.96976470947266,2800000.0,9.7,0.0011352992938905
18-10-2020,66.48,10863.5,61.47,56.97,30.12,82.41,100,1,38.8171313424085,191.5687391718824,89.96976470947266,2800000.0,9.7,0.0011352992938905
19-10-2020,68.53,12751.68,72.37,95.39,31.35,65.81,100,1,38.8171313424085,191.5687391718824,89.96976470947266,2800000.0,9.7,0.0011352992938905
20-10-2020,67.18,12648.09,103.9,95.49,31.43,77.22,100,1,38.8171313424085,191.5687391718824,89.96976470947266,2800000.0,9.7,0.0011352992938905
21-10-2020,66.09,10259.37,45.68,46.42,29.62,68.05,100,0,38.8171313424085,191.5687391718824,89.96976470947266,2800000.0,9.7,0.0011352992938905
22-10-2020,67.19,11688.33,71.46,65.55,27.87,65.4,100,1,38.8171313424085,191.5687391718824,89.96976470947266,2800000.0,9.7,0.0011352992938905
23-10-2020,66.62,10103.13,37.18,48.99,31.71,91.52,100,0,38.8171313424085,191.5687391718824,89.96976470947266,2800000.0,9.7,0.0011352992938905
24-10-2020,68.23,12620.91,92.05,84.37,28.44,63.9,100,1,38.8171313424085,191.5687391718824,89.96976470947266,2800000.0,9.7,0.0011352992938905
25-10-2020,65.99,10553.45,47.59,45.54,29.35,75.37,100,0,38.8171313424085,191.5687391718824,89.96976470947266,2800000.0,9.7,0.0011352992938905
26-10-2020,68.33,12192.34,58.07,78.98,31.51,78.98,100,1,38.8171313424085,191.5687391718824,89.96976470947266,2800000.0,9.7,0.0011352992938905
27-10-2020,68.92,13182.74,103.21,98.84,35.19,89.26,100,1,38.8171313424085,191.5687391718824,89.96976470947266,2800000.0,9.7,0.0011352992938905
28-10-2020,67.37,10711.73,61.64,63.52,35.55,81.25,100,1,38.8171313424085,191.5687391718824,89.96976470947266,2800000.0,9.7,0.0011352992938905
29-10-2020,68.81,14119.72,117.54,130.27,35.17,70.4,100,1,38.8171313424085,191.5687391718824,89.96976470947266,2800000.0,9.7,0.0011352992938905
30-10-2020,68.18,11805.91,86.22,81.27,30.82,72.74,100,1,38.8171313424085,191.5687391718824,89.96976470947266,2800000.0,9.7,0.0011352992938905
31-10-2020,66.97,9470.8,7.01,20.81,31.61,83.61,100,0,38.8171313424085,191.5687391718824,89.96976470947266,2800000.0,9.7,0.0011352992938905
01-11-2020,66.37,10004.74,25.43,48.65,24.83,67.25,100,0,38.8171313424085,191.5687391718824,89.96976470947266,2800000.0,9.7,0.0011352992938905
02-11-2020,67.41,12729.29,77.11,101.34,29.03,92.4,100,1,38.8171313424085,191.5687391718824,89.96976470947266,2800000.0,9.7,0.0011352992938905
03-11-2020,68.78,14135.16,112.47,116.92,35.13,92.94,100,1,38.8171313424085,191.5687391718824,89.96976470947266,2800000.0,9.7,0.0011352992938905
04-11-2020,67.05,9611.4,8.09,29.81,29.34,62.14,100,0,38.8171313424085,191.5687391718824,89.96976470947266,2800000.0,9.7,0.0011352992938905
05-11-2020,66.68,10775.62,43.07,62.38,34.83,65.14,100,1,38.8171313424085,191.5687391718824,89.96976470947266,2800000.0,9.7,0.0011352992938905
06-11-2020,69.28,14910.92,116.96,144.76,26.65,75.06,100,1,38.8171313424085,191.5687391718824,89.96976470947266,2800000.0,9.7,0.0011352992938905
07-11-2020,67.76,10826.23,61.84,53.36,34.38,87.75,100,1,38.8171313424085,191.5687391718824,89.96976470947266,2800000.0,9.7,0.0011352992938905
08-11-2020,67.33,9861.09,19.37,35.0,35.91,72.8,100,0,38.8171313424085,191.5687391718824,89.96976470947266,2800000.0,9.7,0.0011352992938905
09-11-2020,66.09,10069.3,44.12,40.45,25.1,92.16,100,0,38.8171313424085,191.5687391718824,89.96976470947266,2800000.0,9.7,0.0011352992938905
10-11-2020,67.42,9282.52,28.84,24.87,26.45,71.74,100,0,38.8171313424085,191.5687391718824,89.96976470947266,2800000.0,9.7,0.0011352992938905
11-11-2020,67.24,10025.94,4.16,32.57,26.71,60.16,100,0,38.8171313424085,191.5687391718824,89.96976470947266,2800000.0,9.7,0.0011352992938905
12-11-2020,67.91,11932.57,63.57,79.47,28.41,84.55,100,1,38.8171313424085,191.5687391718824,89.96976470947266,2800000.0,9.7,0.0011352992938905
13-11-2020,69.07,14083.27,114.39,126.12,33.49,75.33,100,1,38.8171313424085,191.5687391718824,89.96976470947266,2800000.0,9.7,0.0011352992938905
14-11-2020,67.6,9988.24,47.26,40.02,24.3,72.19,100,0,38.8171313424085,191.5687391718824,89.96976470947266,2800000.0,9.7,0.0011352992938905
15-11-2020,67.16,11254.17,38.24,55.39,30.79,91.6,100,0,38.8171313424085,191.5687391718824,89.96976470947266,2800000.0,9.7,0.0011352992938905
16-11-2020,66.73,12370.94,65.7,82.8,25.48,75.89,100,1,38.8171313424085,191.5687391718824,89.96976470947266,2800000.0,9.7,0.0011352992938905
17-11-2020,65.93,9800.86,31.41,30.31,25.0,61.38,100,0,38.8171313424085,191.5687391718824,89.96976470947266,2800000.0,9.7,0.0011352992938905
18-11-2020,68.56,12683.31,93.03,86.38,25.16,86.81,100,1,38.8171313424085,191.5687391718824,89.96976470947266,2800000.0,9.7,0.0011352992938905
19-11-2020,66.88,9670.07,14.71,34.62,32.99,67.01,100,0,38.8171313424085,191.5687391718824,89.96976470947266,2800000.0,9.7,0.0011352992938905
20-11-2020,67.03,11056.28,31.89,55.93,32.38,62.98,100,0,38.8171313424085,191.5687391718824,89.96976470947266,2800000.0,9.7,0.0011352992938905
21-11-2020,67.28,11607.96,59.21,76.21,24.42,78.24,100,1,38.8171313424085,191.5687391718824,89.96976470947266,2800000.0,9.7,0.0011352992938905
22-11-2020,67.33,13979.95,112.73,113.33,32.19,88.98,100,1,38.8171313424085,191.5687391718824,89.96976470947266,2800000.0,9.7,0.0011352992938905
23-11-2020,67.89,10706.98,67.89,61.95,27.74,61.75,100,1,38.8171313424085,191.5687391718824,89.96976470947266,2800000.0,9.7,0.0011352992938905
24-11-2020,66.09,9752.18,27.49,36.31,35.29,67.29,100,0,38.8171313424085,191.5687391718824,89.96976470947266,2800000.0,9.7,0.0011352992938905
25-11-2020,66.92,10326.9,38.44,37.64,31.81,63.39,100,0,38.8171313424085,191.5687391718824,89.96976470947266,2800000.0,9.7,0.0011352992938905
26-11-2020,65.75,8921.51,11.78,15.22,33.42,92.06,100,0,38.8171313424085,191.5687391718824,89.96976470947266,2800000.0,9.7,0.0011352992938905
27-11-2020,67.54,14411.52,107.51,121.13,29.5,86.13,100,1,38.8171313424085,191.5687391718824,89.96976470947266,2800000.0,9.7,0.0011352992938905
28-11-2020,68.11,11693.24,64.73,64.94,25.41,70.29,100,1,38.8171313424085,191.5687391718824,89.96976470947266,2800000.0,9.7,0.0011352992938905
29-11-2020,67.34,11390.25,38.23,63.61,29.56,72.97,100,1,38.8171313424085,191.5687391718824,89.96976470947266,2800000.0,9.7,0.0011352992938905
30-11-2020,66.21,9669.45,31.58,29.94,26.23,66.69,100,0,38.8171313424085,191.5687391718824,89.96976470947266,2800000.0,9.7,0.0011352992938905
01-12-2020,67.06,12428.12,84.37,95.79,35.14,64.83,100,1,38.8171313424085,191.5687391718824,89.96976470947266,2800000.0,9.7,0.0011352992938905
02-12-2020,68.42,12381.02,60.67,84.54,32.64,72.89,100,1,38.8171313424085,191.5687391718824,89.96976470947266,2800000.0,9.7,0.0011352992938905
03-12-2020,66.53,9083.69,11.7,18.45,35.94,79.94,100,0,38.8171313424085,191.5687391718824,89.96976470947266,2800000.0,9.7,0.0011352992938905
04-12-2020,69.11,14246.15,116.1,133.0,31.1,70.18,100,1,38.8171313424085,191.5687391718824,89.96976470947266,2800000.0,9.7,0.0011352992938905
05-12-2020,66.19,10591.84,61.55,54.22,27.13,91.99,100,1,38.8171313424085,191.5687391718824,89.96976470947266,2800000.0,9.7,0.0011352992938905
06-12-2020,65.84,9083.45,37.52,29.26,32.42,84.54,100,0,38.8171313424085,191.5687391718824,89.96976470947266,2800000.0,9.7,0.0011352992938905
07-12-2020,66.99,10580.09,34.25,45.98,30.57,92.09,100,0,38.8171313424085,191.5687391718824,89.96976470947266,2800000.0,9.7,0.0011352992938905
08-12-2020,66.14,10397.74,33.08,41.41,27.6,62.11,100,0,38.8171313424085,191.5687391718824,89.96976470947266,2800000.0,9.7,0.0011352992938905
09-12-2020,66.93,9420.58,8.53,24.32,29.76,79.4,100,0,38.8171313424085,191.5687391718824,89.96976470947266,2800000.0,9.7,0.0011352992938905
10-12-2020,67.27,12443.47,70.45,78.98,35.44,74.78,100,1,38.8171313424085,191.5687391718824,89.96976470947266,2800000.0,9.7,0.0011352992938905
11-12-2020,68.27,11822.8,82.64,83.63,33.47,66.9,100,1,38.8171313424085,191.5687391718824,89.96976470947266,2800000.0,9.7,0.0011352992938905
12-12-2020,67.98,15369.24,110.64,139.1,28.16,64.54,100,1,38.8171313424085,191.5687391718824,89.96976470947266,2800000.0,9.7,0.0011352992938905
13-12-2020,67.73,11195.34,58.11,65.75,28.83,83.67,100,1,38.8171313424085,191.5687391718824,89.96976470947266,2800000.0,9.7,0.0011352992938905
14-12-2020,67.9,10823.58,41.17,63.15,28.31,81.49,100,1,38.8171313424085,191.5687391718824,89.96976470947266,2800000.0,9.7,0.0011352992938905
15-12-2020,67.33,12131.73,71.99,81.54,34.51,63.34,100,1,38.8171313424085,191.5687391718824,89.96976470947266,2800000.0,9.7,0.0011352992938905
16-12-2020,64.94,7426.72,0.68,-8.01,26.85,72.51,100,0,38.8171313424085,191.5687391718824,89.96976470947266,2800000.0,9.7,0.0011352992938905
17-12-2020,65.51,9317.78,20.08,17.64,26.62,75.77,100,0,38.8171313424085,191.5687391718824,89.96976470947266,2800000.0,9.7,0.0011352992938905
18-12-2020,68.66,12596.01,56.48,83.02,31.87,62.86,100,1,38.8171313424085,191.5687391718824,89.96976470947266,2800000.0,9.7,0.0011352992938905
19-12-2020,67.59,9954.74,38.16,34.0,24.05,94.98,100,0,38.8171313424085,191.5687391718824,89.96976470947266,2800000.0,9.7,0.0011352992938905
20-12-2020,67.13,10432.73,57.29,51.59,32.97,74.53,100,1,38.8171313424085,191.5687391718824,89.96976470947266,2800000.0,9.7,0.0011352992938905
21-12-2020,69.0,12897.24,102.09,107.27,29.27,63.19,100,1,38.8171313424085,191.5687391718824,89.96976470947266,2800000.0,9.7,0.0011352992938905
22-12-2020,68.27,13013.2,96.33,93.01,35.88,71.78,100,1,38.8171313424085,191.5687391718824,89.96976470947266,2800000.0,9.7,0.0011352992938905
23-12-2020,66.59,9769.93,13.68,37.71,34.97,79.81,100,0,38.8171313424085,191.5687391718824,89.96976470947266,2800000.0,9.7,0.0011352992938905
24-12-2020,65.94,9447.68,21.91,26.94,26.76,94.7,100,0,38.8171313424085,191.5687391718824,89.96976470947266,2800000.0,9.7,0.0011352992938905
25-12-2020,67.96,12786.9,92.04,99.41,28.6,84.28,100,1,38.8171313424085,191.5687391718824,89.96976470947266,2800000.0,9.7,0.0011352992938905
26-12-2020,67.23,10593.58,38.35,45.92,30.32,81.96,100,0,38.8171313424085,191.5687391718824,89.96976470947266,2800000.0,9.7,0.0011352992938905
27-12-2020,67.63,11881.35,78.81,77.41,34.89,94.39,100,1,38.8171313424085,191.5687391718824,89.96976470947266,2800000.0,9.7,0.0011352992938905
28-12-2020,68.49,12017.98,74.21,85.33,33.17,60.21,100,1,38.8171313424085,191.5687391718824,89.96976470947266,2800000.0,9.7,0.0011352992938905
29-12-2020,66.39,8174.81,0.03,-0.99,31.41,70.09,100,0,38.8171313424085,191.5687391718824,89.96976470947266,2800000.0,9.7,0.0011352992938905
30-12-2020,67.57,14546.63,107.81,123.39,27.8,80.78,100,1,38.8171313424085,191.5687391718824,89.96976470947266,2800000.0,9.7,0.0011352992938905
